begin transaction;

-- 日付マスタ
delete from DATE_MASTER;
insert into DATE_MASTER values ( 20201231, 0 );
insert into DATE_MASTER values ( 20210101, 1 );
insert into DATE_MASTER values ( 20210102, 2 );
insert into DATE_MASTER values ( 20210103, 3 );
insert into DATE_MASTER values ( 20210104, 4 );
insert into DATE_MASTER values ( 20210105, 5 );
insert into DATE_MASTER values ( 20210106, 6 );
insert into DATE_MASTER values ( 20210107, 7 );
insert into DATE_MASTER values ( 20210108, 8 );
insert into DATE_MASTER values ( 20210109, 9 );
insert into DATE_MASTER values ( 20210110, 10 );
insert into DATE_MASTER values ( 20210111, 11 );
insert into DATE_MASTER values ( 20210112, 12 );
insert into DATE_MASTER values ( 20210113, 13 );
insert into DATE_MASTER values ( 20210114, 14 );
insert into DATE_MASTER values ( 20210115, 15 );
insert into DATE_MASTER values ( 20210116, 16 );
insert into DATE_MASTER values ( 20210117, 17 );
insert into DATE_MASTER values ( 20210118, 18 );
insert into DATE_MASTER values ( 20210119, 19 );
insert into DATE_MASTER values ( 20210120, 20 );
insert into DATE_MASTER values ( 20210121, 21 );
insert into DATE_MASTER values ( 20210122, 22 );
insert into DATE_MASTER values ( 20210123, 23 );
insert into DATE_MASTER values ( 20210124, 24 );
insert into DATE_MASTER values ( 20210125, 25 );
insert into DATE_MASTER values ( 20210126, 26 );
insert into DATE_MASTER values ( 20210127, 27 );
insert into DATE_MASTER values ( 20210128, 28 );
insert into DATE_MASTER values ( 20210129, 29 );
insert into DATE_MASTER values ( 20210130, 30 );
insert into DATE_MASTER values ( 20210131, 31 );
insert into DATE_MASTER values ( 20210201, 32 );
insert into DATE_MASTER values ( 20210202, 33 );
insert into DATE_MASTER values ( 20210203, 34 );
insert into DATE_MASTER values ( 20210204, 35 );
insert into DATE_MASTER values ( 20210205, 36 );
insert into DATE_MASTER values ( 20210206, 37 );
insert into DATE_MASTER values ( 20210207, 38 );
insert into DATE_MASTER values ( 20210208, 39 );
insert into DATE_MASTER values ( 20210209, 40 );
insert into DATE_MASTER values ( 20210210, 41 );
insert into DATE_MASTER values ( 20210211, 42 );
insert into DATE_MASTER values ( 20210212, 43 );
insert into DATE_MASTER values ( 20210213, 44 );
insert into DATE_MASTER values ( 20210214, 45 );
insert into DATE_MASTER values ( 20210215, 46 );
insert into DATE_MASTER values ( 20210216, 47 );
insert into DATE_MASTER values ( 20210217, 48 );
insert into DATE_MASTER values ( 20210218, 49 );
insert into DATE_MASTER values ( 20210219, 50 );
insert into DATE_MASTER values ( 20210220, 51 );
insert into DATE_MASTER values ( 20210221, 52 );
insert into DATE_MASTER values ( 20210222, 53 );
insert into DATE_MASTER values ( 20210223, 54 );
insert into DATE_MASTER values ( 20210224, 55 );
insert into DATE_MASTER values ( 20210225, 56 );
insert into DATE_MASTER values ( 20210226, 57 );
insert into DATE_MASTER values ( 20210227, 58 );
insert into DATE_MASTER values ( 20210228, 59 );
insert into DATE_MASTER values ( 20210301, 60 );
insert into DATE_MASTER values ( 20210302, 61 );
insert into DATE_MASTER values ( 20210303, 62 );
insert into DATE_MASTER values ( 20210304, 63 );
insert into DATE_MASTER values ( 20210305, 64 );
insert into DATE_MASTER values ( 20210306, 65 );
insert into DATE_MASTER values ( 20210307, 66 );
insert into DATE_MASTER values ( 20210308, 67 );
insert into DATE_MASTER values ( 20210309, 68 );
insert into DATE_MASTER values ( 20210310, 69 );
insert into DATE_MASTER values ( 20210311, 70 );
insert into DATE_MASTER values ( 20210312, 71 );
insert into DATE_MASTER values ( 20210313, 72 );
insert into DATE_MASTER values ( 20210314, 73 );
insert into DATE_MASTER values ( 20210315, 74 );
insert into DATE_MASTER values ( 20210316, 75 );
insert into DATE_MASTER values ( 20210317, 76 );
insert into DATE_MASTER values ( 20210318, 77 );
insert into DATE_MASTER values ( 20210319, 78 );
insert into DATE_MASTER values ( 20210320, 79 );
insert into DATE_MASTER values ( 20210321, 80 );
insert into DATE_MASTER values ( 20210322, 81 );
insert into DATE_MASTER values ( 20210323, 82 );
insert into DATE_MASTER values ( 20210324, 83 );
insert into DATE_MASTER values ( 20210325, 84 );
insert into DATE_MASTER values ( 20210326, 85 );
insert into DATE_MASTER values ( 20210327, 86 );
insert into DATE_MASTER values ( 20210328, 87 );
insert into DATE_MASTER values ( 20210329, 88 );
insert into DATE_MASTER values ( 20210330, 89 );
insert into DATE_MASTER values ( 20210331, 90 );
insert into DATE_MASTER values ( 20210401, 91 );
insert into DATE_MASTER values ( 20210402, 92 );
insert into DATE_MASTER values ( 20210403, 93 );
insert into DATE_MASTER values ( 20210404, 94 );
insert into DATE_MASTER values ( 20210405, 95 );
insert into DATE_MASTER values ( 20210406, 96 );
insert into DATE_MASTER values ( 20210407, 97 );
insert into DATE_MASTER values ( 20210408, 98 );
insert into DATE_MASTER values ( 20210409, 99 );
insert into DATE_MASTER values ( 20210410, 100 );
insert into DATE_MASTER values ( 20210411, 101 );
insert into DATE_MASTER values ( 20210412, 102 );
insert into DATE_MASTER values ( 20210413, 103 );
insert into DATE_MASTER values ( 20210414, 104 );
insert into DATE_MASTER values ( 20210415, 105 );
insert into DATE_MASTER values ( 20210416, 106 );
insert into DATE_MASTER values ( 20210417, 107 );
insert into DATE_MASTER values ( 20210418, 108 );
insert into DATE_MASTER values ( 20210419, 109 );
insert into DATE_MASTER values ( 20210420, 110 );
insert into DATE_MASTER values ( 20210421, 111 );
insert into DATE_MASTER values ( 20210422, 112 );
insert into DATE_MASTER values ( 20210423, 113 );
insert into DATE_MASTER values ( 20210424, 114 );
insert into DATE_MASTER values ( 20210425, 115 );
insert into DATE_MASTER values ( 20210426, 116 );
insert into DATE_MASTER values ( 20210427, 117 );
insert into DATE_MASTER values ( 20210428, 118 );
insert into DATE_MASTER values ( 20210429, 119 );
insert into DATE_MASTER values ( 20210430, 120 );
insert into DATE_MASTER values ( 20210501, 121 );
insert into DATE_MASTER values ( 20210502, 122 );
insert into DATE_MASTER values ( 20210503, 123 );
insert into DATE_MASTER values ( 20210504, 124 );
insert into DATE_MASTER values ( 20210505, 125 );
insert into DATE_MASTER values ( 20210506, 126 );
insert into DATE_MASTER values ( 20210507, 127 );
insert into DATE_MASTER values ( 20210508, 128 );
insert into DATE_MASTER values ( 20210509, 129 );
insert into DATE_MASTER values ( 20210510, 130 );
insert into DATE_MASTER values ( 20210511, 131 );
insert into DATE_MASTER values ( 20210512, 132 );
insert into DATE_MASTER values ( 20210513, 133 );
insert into DATE_MASTER values ( 20210514, 134 );
insert into DATE_MASTER values ( 20210515, 135 );
insert into DATE_MASTER values ( 20210516, 136 );
insert into DATE_MASTER values ( 20210517, 137 );
insert into DATE_MASTER values ( 20210518, 138 );
insert into DATE_MASTER values ( 20210519, 139 );
insert into DATE_MASTER values ( 20210520, 140 );
insert into DATE_MASTER values ( 20210521, 141 );
insert into DATE_MASTER values ( 20210522, 142 );
insert into DATE_MASTER values ( 20210523, 143 );
insert into DATE_MASTER values ( 20210524, 144 );
insert into DATE_MASTER values ( 20210525, 145 );
insert into DATE_MASTER values ( 20210526, 146 );
insert into DATE_MASTER values ( 20210527, 147 );
insert into DATE_MASTER values ( 20210528, 148 );
insert into DATE_MASTER values ( 20210529, 149 );
insert into DATE_MASTER values ( 20210530, 150 );
insert into DATE_MASTER values ( 20210531, 151 );
insert into DATE_MASTER values ( 20210601, 152 );
insert into DATE_MASTER values ( 20210602, 153 );
insert into DATE_MASTER values ( 20210603, 154 );
insert into DATE_MASTER values ( 20210604, 155 );
insert into DATE_MASTER values ( 20210605, 156 );
insert into DATE_MASTER values ( 20210606, 157 );
insert into DATE_MASTER values ( 20210607, 158 );
insert into DATE_MASTER values ( 20210608, 159 );
insert into DATE_MASTER values ( 20210609, 160 );
insert into DATE_MASTER values ( 20210610, 161 );
insert into DATE_MASTER values ( 20210611, 162 );
insert into DATE_MASTER values ( 20210612, 163 );
insert into DATE_MASTER values ( 20210613, 164 );
insert into DATE_MASTER values ( 20210614, 165 );
insert into DATE_MASTER values ( 20210615, 166 );
insert into DATE_MASTER values ( 20210616, 167 );
insert into DATE_MASTER values ( 20210617, 168 );
insert into DATE_MASTER values ( 20210618, 169 );
insert into DATE_MASTER values ( 20210619, 170 );
insert into DATE_MASTER values ( 20210620, 171 );
insert into DATE_MASTER values ( 20210621, 172 );
insert into DATE_MASTER values ( 20210622, 173 );
insert into DATE_MASTER values ( 20210623, 174 );
insert into DATE_MASTER values ( 20210624, 175 );
insert into DATE_MASTER values ( 20210625, 176 );
insert into DATE_MASTER values ( 20210626, 177 );
insert into DATE_MASTER values ( 20210627, 178 );
insert into DATE_MASTER values ( 20210628, 179 );
insert into DATE_MASTER values ( 20210629, 180 );
insert into DATE_MASTER values ( 20210630, 181 );
insert into DATE_MASTER values ( 20210701, 182 );
insert into DATE_MASTER values ( 20210702, 183 );
insert into DATE_MASTER values ( 20210703, 184 );
insert into DATE_MASTER values ( 20210704, 185 );
insert into DATE_MASTER values ( 20210705, 186 );
insert into DATE_MASTER values ( 20210706, 187 );
insert into DATE_MASTER values ( 20210707, 188 );
insert into DATE_MASTER values ( 20210708, 189 );
insert into DATE_MASTER values ( 20210709, 190 );
insert into DATE_MASTER values ( 20210710, 191 );
insert into DATE_MASTER values ( 20210711, 192 );
insert into DATE_MASTER values ( 20210712, 193 );
insert into DATE_MASTER values ( 20210713, 194 );
insert into DATE_MASTER values ( 20210714, 195 );
insert into DATE_MASTER values ( 20210715, 196 );
insert into DATE_MASTER values ( 20210716, 197 );
insert into DATE_MASTER values ( 20210717, 198 );
insert into DATE_MASTER values ( 20210718, 199 );
insert into DATE_MASTER values ( 20210719, 200 );
insert into DATE_MASTER values ( 20210720, 201 );
insert into DATE_MASTER values ( 20210721, 202 );
insert into DATE_MASTER values ( 20210722, 203 );
insert into DATE_MASTER values ( 20210723, 204 );
insert into DATE_MASTER values ( 20210724, 205 );
insert into DATE_MASTER values ( 20210725, 206 );
insert into DATE_MASTER values ( 20210726, 207 );
insert into DATE_MASTER values ( 20210727, 208 );
insert into DATE_MASTER values ( 20210728, 209 );
insert into DATE_MASTER values ( 20210729, 210 );
insert into DATE_MASTER values ( 20210730, 211 );
insert into DATE_MASTER values ( 20210731, 212 );
insert into DATE_MASTER values ( 20210801, 213 );
insert into DATE_MASTER values ( 20210802, 214 );
insert into DATE_MASTER values ( 20210803, 215 );
insert into DATE_MASTER values ( 20210804, 216 );
insert into DATE_MASTER values ( 20210805, 217 );
insert into DATE_MASTER values ( 20210806, 218 );
insert into DATE_MASTER values ( 20210807, 219 );
insert into DATE_MASTER values ( 20210808, 220 );
insert into DATE_MASTER values ( 20210809, 221 );
insert into DATE_MASTER values ( 20210810, 222 );
insert into DATE_MASTER values ( 20210811, 223 );
insert into DATE_MASTER values ( 20210812, 224 );
insert into DATE_MASTER values ( 20210813, 225 );
insert into DATE_MASTER values ( 20210814, 226 );
insert into DATE_MASTER values ( 20210815, 227 );
insert into DATE_MASTER values ( 20210816, 228 );
insert into DATE_MASTER values ( 20210817, 229 );
insert into DATE_MASTER values ( 20210818, 230 );
insert into DATE_MASTER values ( 20210819, 231 );
insert into DATE_MASTER values ( 20210820, 232 );
insert into DATE_MASTER values ( 20210821, 233 );
insert into DATE_MASTER values ( 20210822, 234 );
insert into DATE_MASTER values ( 20210823, 235 );
insert into DATE_MASTER values ( 20210824, 236 );
insert into DATE_MASTER values ( 20210825, 237 );
insert into DATE_MASTER values ( 20210826, 238 );
insert into DATE_MASTER values ( 20210827, 239 );
insert into DATE_MASTER values ( 20210828, 240 );
insert into DATE_MASTER values ( 20210829, 241 );
insert into DATE_MASTER values ( 20210830, 242 );
insert into DATE_MASTER values ( 20210831, 243 );
insert into DATE_MASTER values ( 20210901, 244 );
insert into DATE_MASTER values ( 20210902, 245 );
insert into DATE_MASTER values ( 20210903, 246 );
insert into DATE_MASTER values ( 20210904, 247 );
insert into DATE_MASTER values ( 20210905, 248 );
insert into DATE_MASTER values ( 20210906, 249 );
insert into DATE_MASTER values ( 20210907, 250 );
insert into DATE_MASTER values ( 20210908, 251 );
insert into DATE_MASTER values ( 20210909, 252 );
insert into DATE_MASTER values ( 20210910, 253 );
insert into DATE_MASTER values ( 20210911, 254 );
insert into DATE_MASTER values ( 20210912, 255 );
insert into DATE_MASTER values ( 20210913, 256 );
insert into DATE_MASTER values ( 20210914, 257 );
insert into DATE_MASTER values ( 20210915, 258 );
insert into DATE_MASTER values ( 20210916, 259 );
insert into DATE_MASTER values ( 20210917, 260 );
insert into DATE_MASTER values ( 20210918, 261 );
insert into DATE_MASTER values ( 20210919, 262 );
insert into DATE_MASTER values ( 20210920, 263 );
insert into DATE_MASTER values ( 20210921, 264 );
insert into DATE_MASTER values ( 20210922, 265 );
insert into DATE_MASTER values ( 20210923, 266 );
insert into DATE_MASTER values ( 20210924, 267 );
insert into DATE_MASTER values ( 20210925, 268 );
insert into DATE_MASTER values ( 20210926, 269 );
insert into DATE_MASTER values ( 20210927, 270 );
insert into DATE_MASTER values ( 20210928, 271 );
insert into DATE_MASTER values ( 20210929, 272 );
insert into DATE_MASTER values ( 20210930, 273 );
insert into DATE_MASTER values ( 20211001, 274 );
insert into DATE_MASTER values ( 20211002, 275 );
insert into DATE_MASTER values ( 20211003, 276 );
insert into DATE_MASTER values ( 20211004, 277 );
insert into DATE_MASTER values ( 20211005, 278 );
insert into DATE_MASTER values ( 20211006, 279 );
insert into DATE_MASTER values ( 20211007, 280 );
insert into DATE_MASTER values ( 20211008, 281 );
insert into DATE_MASTER values ( 20211009, 282 );
insert into DATE_MASTER values ( 20211010, 283 );
insert into DATE_MASTER values ( 20211011, 284 );
insert into DATE_MASTER values ( 20211012, 285 );
insert into DATE_MASTER values ( 20211013, 286 );
insert into DATE_MASTER values ( 20211014, 287 );
insert into DATE_MASTER values ( 20211015, 288 );
insert into DATE_MASTER values ( 20211016, 289 );
insert into DATE_MASTER values ( 20211017, 290 );
insert into DATE_MASTER values ( 20211018, 291 );
insert into DATE_MASTER values ( 20211019, 292 );
insert into DATE_MASTER values ( 20211020, 293 );
insert into DATE_MASTER values ( 20211021, 294 );
insert into DATE_MASTER values ( 20211022, 295 );
insert into DATE_MASTER values ( 20211023, 296 );
insert into DATE_MASTER values ( 20211024, 297 );
insert into DATE_MASTER values ( 20211025, 298 );
insert into DATE_MASTER values ( 20211026, 299 );
insert into DATE_MASTER values ( 20211027, 300 );
insert into DATE_MASTER values ( 20211028, 301 );
insert into DATE_MASTER values ( 20211029, 302 );
insert into DATE_MASTER values ( 20211030, 303 );
insert into DATE_MASTER values ( 20211031, 304 );
insert into DATE_MASTER values ( 20211101, 305 );
insert into DATE_MASTER values ( 20211102, 306 );
insert into DATE_MASTER values ( 20211103, 307 );
insert into DATE_MASTER values ( 20211104, 308 );
insert into DATE_MASTER values ( 20211105, 309 );
insert into DATE_MASTER values ( 20211106, 310 );
insert into DATE_MASTER values ( 20211107, 311 );
insert into DATE_MASTER values ( 20211108, 312 );
insert into DATE_MASTER values ( 20211109, 313 );
insert into DATE_MASTER values ( 20211110, 314 );
insert into DATE_MASTER values ( 20211111, 315 );
insert into DATE_MASTER values ( 20211112, 316 );
insert into DATE_MASTER values ( 20211113, 317 );
insert into DATE_MASTER values ( 20211114, 318 );
insert into DATE_MASTER values ( 20211115, 319 );
insert into DATE_MASTER values ( 20211116, 320 );
insert into DATE_MASTER values ( 20211117, 321 );
insert into DATE_MASTER values ( 20211118, 322 );
insert into DATE_MASTER values ( 20211119, 323 );
insert into DATE_MASTER values ( 20211120, 324 );
insert into DATE_MASTER values ( 20211121, 325 );
insert into DATE_MASTER values ( 20211122, 326 );
insert into DATE_MASTER values ( 20211123, 327 );
insert into DATE_MASTER values ( 20211124, 328 );
insert into DATE_MASTER values ( 20211125, 329 );
insert into DATE_MASTER values ( 20211126, 330 );
insert into DATE_MASTER values ( 20211127, 331 );
insert into DATE_MASTER values ( 20211128, 332 );
insert into DATE_MASTER values ( 20211129, 333 );
insert into DATE_MASTER values ( 20211130, 334 );
insert into DATE_MASTER values ( 20211201, 335 );
insert into DATE_MASTER values ( 20211202, 336 );
insert into DATE_MASTER values ( 20211203, 337 );
insert into DATE_MASTER values ( 20211204, 338 );
insert into DATE_MASTER values ( 20211205, 339 );
insert into DATE_MASTER values ( 20211206, 340 );
insert into DATE_MASTER values ( 20211207, 341 );
insert into DATE_MASTER values ( 20211208, 342 );
insert into DATE_MASTER values ( 20211209, 343 );
insert into DATE_MASTER values ( 20211210, 344 );
insert into DATE_MASTER values ( 20211211, 345 );
insert into DATE_MASTER values ( 20211212, 346 );
insert into DATE_MASTER values ( 20211213, 347 );
insert into DATE_MASTER values ( 20211214, 348 );
insert into DATE_MASTER values ( 20211215, 349 );
insert into DATE_MASTER values ( 20211216, 350 );
insert into DATE_MASTER values ( 20211217, 351 );
insert into DATE_MASTER values ( 20211218, 352 );
insert into DATE_MASTER values ( 20211219, 353 );
insert into DATE_MASTER values ( 20211220, 354 );
insert into DATE_MASTER values ( 20211221, 355 );
insert into DATE_MASTER values ( 20211222, 356 );
insert into DATE_MASTER values ( 20211223, 357 );
insert into DATE_MASTER values ( 20211224, 358 );
insert into DATE_MASTER values ( 20211225, 359 );
insert into DATE_MASTER values ( 20211226, 360 );
insert into DATE_MASTER values ( 20211227, 361 );
insert into DATE_MASTER values ( 20211228, 362 );
insert into DATE_MASTER values ( 20211229, 363 );
insert into DATE_MASTER values ( 20211230, 364 );
insert into DATE_MASTER values ( 20211231, 365 );
insert into DATE_MASTER values ( 20220101, 366 );
insert into DATE_MASTER values ( 20220102, 367 );
insert into DATE_MASTER values ( 20220103, 368 );
insert into DATE_MASTER values ( 20220104, 369 );
insert into DATE_MASTER values ( 20220105, 370 );
insert into DATE_MASTER values ( 20220106, 371 );
insert into DATE_MASTER values ( 20220107, 372 );
insert into DATE_MASTER values ( 20220108, 373 );
insert into DATE_MASTER values ( 20220109, 374 );
insert into DATE_MASTER values ( 20220110, 375 );
insert into DATE_MASTER values ( 20220111, 376 );
insert into DATE_MASTER values ( 20220112, 377 );
insert into DATE_MASTER values ( 20220113, 378 );
insert into DATE_MASTER values ( 20220114, 379 );
insert into DATE_MASTER values ( 20220115, 380 );
insert into DATE_MASTER values ( 20220116, 381 );
insert into DATE_MASTER values ( 20220117, 382 );
insert into DATE_MASTER values ( 20220118, 383 );
insert into DATE_MASTER values ( 20220119, 384 );
insert into DATE_MASTER values ( 20220120, 385 );
insert into DATE_MASTER values ( 20220121, 386 );
insert into DATE_MASTER values ( 20220122, 387 );
insert into DATE_MASTER values ( 20220123, 388 );
insert into DATE_MASTER values ( 20220124, 389 );
insert into DATE_MASTER values ( 20220125, 390 );
insert into DATE_MASTER values ( 20220126, 391 );
insert into DATE_MASTER values ( 20220127, 392 );
insert into DATE_MASTER values ( 20220128, 393 );
insert into DATE_MASTER values ( 20220129, 394 );
insert into DATE_MASTER values ( 20220130, 395 );
insert into DATE_MASTER values ( 20220131, 396 );
insert into DATE_MASTER values ( 20220201, 397 );
insert into DATE_MASTER values ( 20220202, 398 );
insert into DATE_MASTER values ( 20220203, 399 );
insert into DATE_MASTER values ( 20220204, 400 );
insert into DATE_MASTER values ( 20220205, 401 );
insert into DATE_MASTER values ( 20220206, 402 );
insert into DATE_MASTER values ( 20220207, 403 );
insert into DATE_MASTER values ( 20220208, 404 );
insert into DATE_MASTER values ( 20220209, 405 );
insert into DATE_MASTER values ( 20220210, 406 );
insert into DATE_MASTER values ( 20220211, 407 );
insert into DATE_MASTER values ( 20220212, 408 );
insert into DATE_MASTER values ( 20220213, 409 );
insert into DATE_MASTER values ( 20220214, 410 );
insert into DATE_MASTER values ( 20220215, 411 );
insert into DATE_MASTER values ( 20220216, 412 );
insert into DATE_MASTER values ( 20220217, 413 );
insert into DATE_MASTER values ( 20220218, 414 );
insert into DATE_MASTER values ( 20220219, 415 );
insert into DATE_MASTER values ( 20220220, 416 );
insert into DATE_MASTER values ( 20220221, 417 );
insert into DATE_MASTER values ( 20220222, 418 );
insert into DATE_MASTER values ( 20220223, 419 );
insert into DATE_MASTER values ( 20220224, 420 );
insert into DATE_MASTER values ( 20220225, 421 );
insert into DATE_MASTER values ( 20220226, 422 );
insert into DATE_MASTER values ( 20220227, 423 );
insert into DATE_MASTER values ( 20220228, 424 );
insert into DATE_MASTER values ( 20220301, 425 );
insert into DATE_MASTER values ( 20220302, 426 );
insert into DATE_MASTER values ( 20220303, 427 );
insert into DATE_MASTER values ( 20220304, 428 );
insert into DATE_MASTER values ( 20220305, 429 );
insert into DATE_MASTER values ( 20220306, 430 );
insert into DATE_MASTER values ( 20220307, 431 );
insert into DATE_MASTER values ( 20220308, 432 );
insert into DATE_MASTER values ( 20220309, 433 );
insert into DATE_MASTER values ( 20220310, 434 );
insert into DATE_MASTER values ( 20220311, 435 );
insert into DATE_MASTER values ( 20220312, 436 );
insert into DATE_MASTER values ( 20220313, 437 );
insert into DATE_MASTER values ( 20220314, 438 );
insert into DATE_MASTER values ( 20220315, 439 );
insert into DATE_MASTER values ( 20220316, 440 );
insert into DATE_MASTER values ( 20220317, 441 );
insert into DATE_MASTER values ( 20220318, 442 );
insert into DATE_MASTER values ( 20220319, 443 );
insert into DATE_MASTER values ( 20220320, 444 );
insert into DATE_MASTER values ( 20220321, 445 );
insert into DATE_MASTER values ( 20220322, 446 );
insert into DATE_MASTER values ( 20220323, 447 );
insert into DATE_MASTER values ( 20220324, 448 );
insert into DATE_MASTER values ( 20220325, 449 );
insert into DATE_MASTER values ( 20220326, 450 );
insert into DATE_MASTER values ( 20220327, 451 );
insert into DATE_MASTER values ( 20220328, 452 );
insert into DATE_MASTER values ( 20220329, 453 );
insert into DATE_MASTER values ( 20220330, 454 );
insert into DATE_MASTER values ( 20220331, 455 );
insert into DATE_MASTER values ( 20220401, 456 );
insert into DATE_MASTER values ( 20220402, 457 );
insert into DATE_MASTER values ( 20220403, 458 );
insert into DATE_MASTER values ( 20220404, 459 );
insert into DATE_MASTER values ( 20220405, 460 );
insert into DATE_MASTER values ( 20220406, 461 );
insert into DATE_MASTER values ( 20220407, 462 );
insert into DATE_MASTER values ( 20220408, 463 );
insert into DATE_MASTER values ( 20220409, 464 );
insert into DATE_MASTER values ( 20220410, 465 );
insert into DATE_MASTER values ( 20220411, 466 );
insert into DATE_MASTER values ( 20220412, 467 );
insert into DATE_MASTER values ( 20220413, 468 );
insert into DATE_MASTER values ( 20220414, 469 );
insert into DATE_MASTER values ( 20220415, 470 );
insert into DATE_MASTER values ( 20220416, 471 );
insert into DATE_MASTER values ( 20220417, 472 );
insert into DATE_MASTER values ( 20220418, 473 );
insert into DATE_MASTER values ( 20220419, 474 );
insert into DATE_MASTER values ( 20220420, 475 );
insert into DATE_MASTER values ( 20220421, 476 );
insert into DATE_MASTER values ( 20220422, 477 );
insert into DATE_MASTER values ( 20220423, 478 );
insert into DATE_MASTER values ( 20220424, 479 );
insert into DATE_MASTER values ( 20220425, 480 );
insert into DATE_MASTER values ( 20220426, 481 );
insert into DATE_MASTER values ( 20220427, 482 );
insert into DATE_MASTER values ( 20220428, 483 );
insert into DATE_MASTER values ( 20220429, 484 );
insert into DATE_MASTER values ( 20220430, 485 );
insert into DATE_MASTER values ( 20220501, 486 );
insert into DATE_MASTER values ( 20220502, 487 );
insert into DATE_MASTER values ( 20220503, 488 );
insert into DATE_MASTER values ( 20220504, 489 );
insert into DATE_MASTER values ( 20220505, 490 );
insert into DATE_MASTER values ( 20220506, 491 );
insert into DATE_MASTER values ( 20220507, 492 );
insert into DATE_MASTER values ( 20220508, 493 );
insert into DATE_MASTER values ( 20220509, 494 );
insert into DATE_MASTER values ( 20220510, 495 );
insert into DATE_MASTER values ( 20220511, 496 );
insert into DATE_MASTER values ( 20220512, 497 );
insert into DATE_MASTER values ( 20220513, 498 );
insert into DATE_MASTER values ( 20220514, 499 );
insert into DATE_MASTER values ( 20220515, 500 );
insert into DATE_MASTER values ( 20220516, 501 );
insert into DATE_MASTER values ( 20220517, 502 );
insert into DATE_MASTER values ( 20220518, 503 );
insert into DATE_MASTER values ( 20220519, 504 );
insert into DATE_MASTER values ( 20220520, 505 );
insert into DATE_MASTER values ( 20220521, 506 );
insert into DATE_MASTER values ( 20220522, 507 );
insert into DATE_MASTER values ( 20220523, 508 );
insert into DATE_MASTER values ( 20220524, 509 );
insert into DATE_MASTER values ( 20220525, 510 );
insert into DATE_MASTER values ( 20220526, 511 );
insert into DATE_MASTER values ( 20220527, 512 );
insert into DATE_MASTER values ( 20220528, 513 );
insert into DATE_MASTER values ( 20220529, 514 );
insert into DATE_MASTER values ( 20220530, 515 );
insert into DATE_MASTER values ( 20220531, 516 );
insert into DATE_MASTER values ( 20220601, 517 );
insert into DATE_MASTER values ( 20220602, 518 );
insert into DATE_MASTER values ( 20220603, 519 );
insert into DATE_MASTER values ( 20220604, 520 );
insert into DATE_MASTER values ( 20220605, 521 );
insert into DATE_MASTER values ( 20220606, 522 );
insert into DATE_MASTER values ( 20220607, 523 );
insert into DATE_MASTER values ( 20220608, 524 );
insert into DATE_MASTER values ( 20220609, 525 );
insert into DATE_MASTER values ( 20220610, 526 );
insert into DATE_MASTER values ( 20220611, 527 );
insert into DATE_MASTER values ( 20220612, 528 );
insert into DATE_MASTER values ( 20220613, 529 );
insert into DATE_MASTER values ( 20220614, 530 );
insert into DATE_MASTER values ( 20220615, 531 );
insert into DATE_MASTER values ( 20220616, 532 );
insert into DATE_MASTER values ( 20220617, 533 );
insert into DATE_MASTER values ( 20220618, 534 );
insert into DATE_MASTER values ( 20220619, 535 );
insert into DATE_MASTER values ( 20220620, 536 );
insert into DATE_MASTER values ( 20220621, 537 );
insert into DATE_MASTER values ( 20220622, 538 );
insert into DATE_MASTER values ( 20220623, 539 );
insert into DATE_MASTER values ( 20220624, 540 );
insert into DATE_MASTER values ( 20220625, 541 );
insert into DATE_MASTER values ( 20220626, 542 );
insert into DATE_MASTER values ( 20220627, 543 );
insert into DATE_MASTER values ( 20220628, 544 );
insert into DATE_MASTER values ( 20220629, 545 );
insert into DATE_MASTER values ( 20220630, 546 );
insert into DATE_MASTER values ( 20220701, 547 );
insert into DATE_MASTER values ( 20220702, 548 );
insert into DATE_MASTER values ( 20220703, 549 );
insert into DATE_MASTER values ( 20220704, 550 );
insert into DATE_MASTER values ( 20220705, 551 );
insert into DATE_MASTER values ( 20220706, 552 );
insert into DATE_MASTER values ( 20220707, 553 );
insert into DATE_MASTER values ( 20220708, 554 );
insert into DATE_MASTER values ( 20220709, 555 );
insert into DATE_MASTER values ( 20220710, 556 );
insert into DATE_MASTER values ( 20220711, 557 );
insert into DATE_MASTER values ( 20220712, 558 );
insert into DATE_MASTER values ( 20220713, 559 );
insert into DATE_MASTER values ( 20220714, 560 );
insert into DATE_MASTER values ( 20220715, 561 );
insert into DATE_MASTER values ( 20220716, 562 );
insert into DATE_MASTER values ( 20220717, 563 );
insert into DATE_MASTER values ( 20220718, 564 );
insert into DATE_MASTER values ( 20220719, 565 );
insert into DATE_MASTER values ( 20220720, 566 );
insert into DATE_MASTER values ( 20220721, 567 );
insert into DATE_MASTER values ( 20220722, 568 );
insert into DATE_MASTER values ( 20220723, 569 );
insert into DATE_MASTER values ( 20220724, 570 );
insert into DATE_MASTER values ( 20220725, 571 );
insert into DATE_MASTER values ( 20220726, 572 );
insert into DATE_MASTER values ( 20220727, 573 );
insert into DATE_MASTER values ( 20220728, 574 );
insert into DATE_MASTER values ( 20220729, 575 );
insert into DATE_MASTER values ( 20220730, 576 );
insert into DATE_MASTER values ( 20220731, 577 );
insert into DATE_MASTER values ( 20220801, 578 );
insert into DATE_MASTER values ( 20220802, 579 );
insert into DATE_MASTER values ( 20220803, 580 );
insert into DATE_MASTER values ( 20220804, 581 );
insert into DATE_MASTER values ( 20220805, 582 );
insert into DATE_MASTER values ( 20220806, 583 );
insert into DATE_MASTER values ( 20220807, 584 );
insert into DATE_MASTER values ( 20220808, 585 );
insert into DATE_MASTER values ( 20220809, 586 );
insert into DATE_MASTER values ( 20220810, 587 );
insert into DATE_MASTER values ( 20220811, 588 );
insert into DATE_MASTER values ( 20220812, 589 );
insert into DATE_MASTER values ( 20220813, 590 );
insert into DATE_MASTER values ( 20220814, 591 );
insert into DATE_MASTER values ( 20220815, 592 );
insert into DATE_MASTER values ( 20220816, 593 );
insert into DATE_MASTER values ( 20220817, 594 );
insert into DATE_MASTER values ( 20220818, 595 );
insert into DATE_MASTER values ( 20220819, 596 );
insert into DATE_MASTER values ( 20220820, 597 );
insert into DATE_MASTER values ( 20220821, 598 );
insert into DATE_MASTER values ( 20220822, 599 );
insert into DATE_MASTER values ( 20220823, 600 );
insert into DATE_MASTER values ( 20220824, 601 );
insert into DATE_MASTER values ( 20220825, 602 );
insert into DATE_MASTER values ( 20220826, 603 );
insert into DATE_MASTER values ( 20220827, 604 );
insert into DATE_MASTER values ( 20220828, 605 );
insert into DATE_MASTER values ( 20220829, 606 );
insert into DATE_MASTER values ( 20220830, 607 );
insert into DATE_MASTER values ( 20220831, 608 );
insert into DATE_MASTER values ( 20220901, 609 );
insert into DATE_MASTER values ( 20220902, 610 );
insert into DATE_MASTER values ( 20220903, 611 );
insert into DATE_MASTER values ( 20220904, 612 );
insert into DATE_MASTER values ( 20220905, 613 );
insert into DATE_MASTER values ( 20220906, 614 );
insert into DATE_MASTER values ( 20220907, 615 );
insert into DATE_MASTER values ( 20220908, 616 );
insert into DATE_MASTER values ( 20220909, 617 );
insert into DATE_MASTER values ( 20220910, 618 );
insert into DATE_MASTER values ( 20220911, 619 );
insert into DATE_MASTER values ( 20220912, 620 );
insert into DATE_MASTER values ( 20220913, 621 );
insert into DATE_MASTER values ( 20220914, 622 );
insert into DATE_MASTER values ( 20220915, 623 );
insert into DATE_MASTER values ( 20220916, 624 );
insert into DATE_MASTER values ( 20220917, 625 );
insert into DATE_MASTER values ( 20220918, 626 );
insert into DATE_MASTER values ( 20220919, 627 );
insert into DATE_MASTER values ( 20220920, 628 );
insert into DATE_MASTER values ( 20220921, 629 );
insert into DATE_MASTER values ( 20220922, 630 );
insert into DATE_MASTER values ( 20220923, 631 );
insert into DATE_MASTER values ( 20220924, 632 );
insert into DATE_MASTER values ( 20220925, 633 );
insert into DATE_MASTER values ( 20220926, 634 );
insert into DATE_MASTER values ( 20220927, 635 );
insert into DATE_MASTER values ( 20220928, 636 );
insert into DATE_MASTER values ( 20220929, 637 );
insert into DATE_MASTER values ( 20220930, 638 );
insert into DATE_MASTER values ( 20221001, 639 );
insert into DATE_MASTER values ( 20221002, 640 );
insert into DATE_MASTER values ( 20221003, 641 );
insert into DATE_MASTER values ( 20221004, 642 );
insert into DATE_MASTER values ( 20221005, 643 );
insert into DATE_MASTER values ( 20221006, 644 );
insert into DATE_MASTER values ( 20221007, 645 );
insert into DATE_MASTER values ( 20221008, 646 );
insert into DATE_MASTER values ( 20221009, 647 );
insert into DATE_MASTER values ( 20221010, 648 );
insert into DATE_MASTER values ( 20221011, 649 );
insert into DATE_MASTER values ( 20221012, 650 );
insert into DATE_MASTER values ( 20221013, 651 );
insert into DATE_MASTER values ( 20221014, 652 );
insert into DATE_MASTER values ( 20221015, 653 );
insert into DATE_MASTER values ( 20221016, 654 );
insert into DATE_MASTER values ( 20221017, 655 );
insert into DATE_MASTER values ( 20221018, 656 );
insert into DATE_MASTER values ( 20221019, 657 );
insert into DATE_MASTER values ( 20221020, 658 );
insert into DATE_MASTER values ( 20221021, 659 );
insert into DATE_MASTER values ( 20221022, 660 );
insert into DATE_MASTER values ( 20221023, 661 );
insert into DATE_MASTER values ( 20221024, 662 );
insert into DATE_MASTER values ( 20221025, 663 );
insert into DATE_MASTER values ( 20221026, 664 );
insert into DATE_MASTER values ( 20221027, 665 );
insert into DATE_MASTER values ( 20221028, 666 );
insert into DATE_MASTER values ( 20221029, 667 );
insert into DATE_MASTER values ( 20221030, 668 );
insert into DATE_MASTER values ( 20221031, 669 );
insert into DATE_MASTER values ( 20221101, 670 );
insert into DATE_MASTER values ( 20221102, 671 );
insert into DATE_MASTER values ( 20221103, 672 );
insert into DATE_MASTER values ( 20221104, 673 );
insert into DATE_MASTER values ( 20221105, 674 );
insert into DATE_MASTER values ( 20221106, 675 );
insert into DATE_MASTER values ( 20221107, 676 );
insert into DATE_MASTER values ( 20221108, 677 );
insert into DATE_MASTER values ( 20221109, 678 );
insert into DATE_MASTER values ( 20221110, 679 );
insert into DATE_MASTER values ( 20221111, 680 );
insert into DATE_MASTER values ( 20221112, 681 );
insert into DATE_MASTER values ( 20221113, 682 );
insert into DATE_MASTER values ( 20221114, 683 );
insert into DATE_MASTER values ( 20221115, 684 );
insert into DATE_MASTER values ( 20221116, 685 );
insert into DATE_MASTER values ( 20221117, 686 );
insert into DATE_MASTER values ( 20221118, 687 );
insert into DATE_MASTER values ( 20221119, 688 );
insert into DATE_MASTER values ( 20221120, 689 );
insert into DATE_MASTER values ( 20221121, 690 );
insert into DATE_MASTER values ( 20221122, 691 );
insert into DATE_MASTER values ( 20221123, 692 );
insert into DATE_MASTER values ( 20221124, 693 );
insert into DATE_MASTER values ( 20221125, 694 );
insert into DATE_MASTER values ( 20221126, 695 );
insert into DATE_MASTER values ( 20221127, 696 );
insert into DATE_MASTER values ( 20221128, 697 );
insert into DATE_MASTER values ( 20221129, 698 );
insert into DATE_MASTER values ( 20221130, 699 );
insert into DATE_MASTER values ( 20221201, 700 );
insert into DATE_MASTER values ( 20221202, 701 );
insert into DATE_MASTER values ( 20221203, 702 );
insert into DATE_MASTER values ( 20221204, 703 );
insert into DATE_MASTER values ( 20221205, 704 );
insert into DATE_MASTER values ( 20221206, 705 );
insert into DATE_MASTER values ( 20221207, 706 );
insert into DATE_MASTER values ( 20221208, 707 );
insert into DATE_MASTER values ( 20221209, 708 );
insert into DATE_MASTER values ( 20221210, 709 );
insert into DATE_MASTER values ( 20221211, 710 );
insert into DATE_MASTER values ( 20221212, 711 );
insert into DATE_MASTER values ( 20221213, 712 );
insert into DATE_MASTER values ( 20221214, 713 );
insert into DATE_MASTER values ( 20221215, 714 );
insert into DATE_MASTER values ( 20221216, 715 );
insert into DATE_MASTER values ( 20221217, 716 );
insert into DATE_MASTER values ( 20221218, 717 );
insert into DATE_MASTER values ( 20221219, 718 );
insert into DATE_MASTER values ( 20221220, 719 );
insert into DATE_MASTER values ( 20221221, 720 );
insert into DATE_MASTER values ( 20221222, 721 );
insert into DATE_MASTER values ( 20221223, 722 );
insert into DATE_MASTER values ( 20221224, 723 );
insert into DATE_MASTER values ( 20221225, 724 );
insert into DATE_MASTER values ( 20221226, 725 );
insert into DATE_MASTER values ( 20221227, 726 );
insert into DATE_MASTER values ( 20221228, 727 );
insert into DATE_MASTER values ( 20221229, 728 );
insert into DATE_MASTER values ( 20221230, 729 );
insert into DATE_MASTER values ( 20221231, 730 );
insert into DATE_MASTER values ( 20230101, 731 );
insert into DATE_MASTER values ( 20230102, 732 );
insert into DATE_MASTER values ( 20230103, 733 );
insert into DATE_MASTER values ( 20230104, 734 );
insert into DATE_MASTER values ( 20230105, 735 );
insert into DATE_MASTER values ( 20230106, 736 );
insert into DATE_MASTER values ( 20230107, 737 );
insert into DATE_MASTER values ( 20230108, 738 );
insert into DATE_MASTER values ( 20230109, 739 );
insert into DATE_MASTER values ( 20230110, 740 );
insert into DATE_MASTER values ( 20230111, 741 );
insert into DATE_MASTER values ( 20230112, 742 );
insert into DATE_MASTER values ( 20230113, 743 );
insert into DATE_MASTER values ( 20230114, 744 );
insert into DATE_MASTER values ( 20230115, 745 );
insert into DATE_MASTER values ( 20230116, 746 );
insert into DATE_MASTER values ( 20230117, 747 );
insert into DATE_MASTER values ( 20230118, 748 );
insert into DATE_MASTER values ( 20230119, 749 );
insert into DATE_MASTER values ( 20230120, 750 );
insert into DATE_MASTER values ( 20230121, 751 );
insert into DATE_MASTER values ( 20230122, 752 );
insert into DATE_MASTER values ( 20230123, 753 );
insert into DATE_MASTER values ( 20230124, 754 );
insert into DATE_MASTER values ( 20230125, 755 );
insert into DATE_MASTER values ( 20230126, 756 );
insert into DATE_MASTER values ( 20230127, 757 );
insert into DATE_MASTER values ( 20230128, 758 );
insert into DATE_MASTER values ( 20230129, 759 );
insert into DATE_MASTER values ( 20230130, 760 );
insert into DATE_MASTER values ( 20230131, 761 );
insert into DATE_MASTER values ( 20230201, 762 );
insert into DATE_MASTER values ( 20230202, 763 );
insert into DATE_MASTER values ( 20230203, 764 );
insert into DATE_MASTER values ( 20230204, 765 );
insert into DATE_MASTER values ( 20230205, 766 );
insert into DATE_MASTER values ( 20230206, 767 );
insert into DATE_MASTER values ( 20230207, 768 );
insert into DATE_MASTER values ( 20230208, 769 );
insert into DATE_MASTER values ( 20230209, 770 );
insert into DATE_MASTER values ( 20230210, 771 );
insert into DATE_MASTER values ( 20230211, 772 );
insert into DATE_MASTER values ( 20230212, 773 );
insert into DATE_MASTER values ( 20230213, 774 );
insert into DATE_MASTER values ( 20230214, 775 );
insert into DATE_MASTER values ( 20230215, 776 );
insert into DATE_MASTER values ( 20230216, 777 );
insert into DATE_MASTER values ( 20230217, 778 );
insert into DATE_MASTER values ( 20230218, 779 );
insert into DATE_MASTER values ( 20230219, 780 );
insert into DATE_MASTER values ( 20230220, 781 );
insert into DATE_MASTER values ( 20230221, 782 );
insert into DATE_MASTER values ( 20230222, 783 );
insert into DATE_MASTER values ( 20230223, 784 );
insert into DATE_MASTER values ( 20230224, 785 );
insert into DATE_MASTER values ( 20230225, 786 );
insert into DATE_MASTER values ( 20230226, 787 );
insert into DATE_MASTER values ( 20230227, 788 );
insert into DATE_MASTER values ( 20230228, 789 );
insert into DATE_MASTER values ( 20230301, 790 );
insert into DATE_MASTER values ( 20230302, 791 );
insert into DATE_MASTER values ( 20230303, 792 );
insert into DATE_MASTER values ( 20230304, 793 );
insert into DATE_MASTER values ( 20230305, 794 );
insert into DATE_MASTER values ( 20230306, 795 );
insert into DATE_MASTER values ( 20230307, 796 );
insert into DATE_MASTER values ( 20230308, 797 );
insert into DATE_MASTER values ( 20230309, 798 );
insert into DATE_MASTER values ( 20230310, 799 );
insert into DATE_MASTER values ( 20230311, 800 );
insert into DATE_MASTER values ( 20230312, 801 );
insert into DATE_MASTER values ( 20230313, 802 );
insert into DATE_MASTER values ( 20230314, 803 );
insert into DATE_MASTER values ( 20230315, 804 );
insert into DATE_MASTER values ( 20230316, 805 );
insert into DATE_MASTER values ( 20230317, 806 );
insert into DATE_MASTER values ( 20230318, 807 );
insert into DATE_MASTER values ( 20230319, 808 );
insert into DATE_MASTER values ( 20230320, 809 );
insert into DATE_MASTER values ( 20230321, 810 );
insert into DATE_MASTER values ( 20230322, 811 );
insert into DATE_MASTER values ( 20230323, 812 );
insert into DATE_MASTER values ( 20230324, 813 );
insert into DATE_MASTER values ( 20230325, 814 );
insert into DATE_MASTER values ( 20230326, 815 );
insert into DATE_MASTER values ( 20230327, 816 );
insert into DATE_MASTER values ( 20230328, 817 );
insert into DATE_MASTER values ( 20230329, 818 );
insert into DATE_MASTER values ( 20230330, 819 );
insert into DATE_MASTER values ( 20230331, 820 );
insert into DATE_MASTER values ( 20230401, 821 );
insert into DATE_MASTER values ( 20230402, 822 );
insert into DATE_MASTER values ( 20230403, 823 );
insert into DATE_MASTER values ( 20230404, 824 );
insert into DATE_MASTER values ( 20230405, 825 );
insert into DATE_MASTER values ( 20230406, 826 );
insert into DATE_MASTER values ( 20230407, 827 );
insert into DATE_MASTER values ( 20230408, 828 );
insert into DATE_MASTER values ( 20230409, 829 );
insert into DATE_MASTER values ( 20230410, 830 );
insert into DATE_MASTER values ( 20230411, 831 );
insert into DATE_MASTER values ( 20230412, 832 );
insert into DATE_MASTER values ( 20230413, 833 );
insert into DATE_MASTER values ( 20230414, 834 );
insert into DATE_MASTER values ( 20230415, 835 );
insert into DATE_MASTER values ( 20230416, 836 );
insert into DATE_MASTER values ( 20230417, 837 );
insert into DATE_MASTER values ( 20230418, 838 );
insert into DATE_MASTER values ( 20230419, 839 );
insert into DATE_MASTER values ( 20230420, 840 );
insert into DATE_MASTER values ( 20230421, 841 );
insert into DATE_MASTER values ( 20230422, 842 );
insert into DATE_MASTER values ( 20230423, 843 );
insert into DATE_MASTER values ( 20230424, 844 );
insert into DATE_MASTER values ( 20230425, 845 );
insert into DATE_MASTER values ( 20230426, 846 );
insert into DATE_MASTER values ( 20230427, 847 );
insert into DATE_MASTER values ( 20230428, 848 );
insert into DATE_MASTER values ( 20230429, 849 );
insert into DATE_MASTER values ( 20230430, 850 );
insert into DATE_MASTER values ( 20230501, 851 );
insert into DATE_MASTER values ( 20230502, 852 );
insert into DATE_MASTER values ( 20230503, 853 );
insert into DATE_MASTER values ( 20230504, 854 );
insert into DATE_MASTER values ( 20230505, 855 );
insert into DATE_MASTER values ( 20230506, 856 );
insert into DATE_MASTER values ( 20230507, 857 );
insert into DATE_MASTER values ( 20230508, 858 );
insert into DATE_MASTER values ( 20230509, 859 );
insert into DATE_MASTER values ( 20230510, 860 );
insert into DATE_MASTER values ( 20230511, 861 );
insert into DATE_MASTER values ( 20230512, 862 );
insert into DATE_MASTER values ( 20230513, 863 );
insert into DATE_MASTER values ( 20230514, 864 );
insert into DATE_MASTER values ( 20230515, 865 );
insert into DATE_MASTER values ( 20230516, 866 );
insert into DATE_MASTER values ( 20230517, 867 );
insert into DATE_MASTER values ( 20230518, 868 );
insert into DATE_MASTER values ( 20230519, 869 );
insert into DATE_MASTER values ( 20230520, 870 );
insert into DATE_MASTER values ( 20230521, 871 );
insert into DATE_MASTER values ( 20230522, 872 );
insert into DATE_MASTER values ( 20230523, 873 );
insert into DATE_MASTER values ( 20230524, 874 );
insert into DATE_MASTER values ( 20230525, 875 );
insert into DATE_MASTER values ( 20230526, 876 );
insert into DATE_MASTER values ( 20230527, 877 );
insert into DATE_MASTER values ( 20230528, 878 );
insert into DATE_MASTER values ( 20230529, 879 );
insert into DATE_MASTER values ( 20230530, 880 );
insert into DATE_MASTER values ( 20230531, 881 );
insert into DATE_MASTER values ( 20230601, 882 );
insert into DATE_MASTER values ( 20230602, 883 );
insert into DATE_MASTER values ( 20230603, 884 );
insert into DATE_MASTER values ( 20230604, 885 );
insert into DATE_MASTER values ( 20230605, 886 );
insert into DATE_MASTER values ( 20230606, 887 );
insert into DATE_MASTER values ( 20230607, 888 );
insert into DATE_MASTER values ( 20230608, 889 );
insert into DATE_MASTER values ( 20230609, 890 );
insert into DATE_MASTER values ( 20230610, 891 );
insert into DATE_MASTER values ( 20230611, 892 );
insert into DATE_MASTER values ( 20230612, 893 );
insert into DATE_MASTER values ( 20230613, 894 );
insert into DATE_MASTER values ( 20230614, 895 );
insert into DATE_MASTER values ( 20230615, 896 );
insert into DATE_MASTER values ( 20230616, 897 );
insert into DATE_MASTER values ( 20230617, 898 );
insert into DATE_MASTER values ( 20230618, 899 );
insert into DATE_MASTER values ( 20230619, 900 );
insert into DATE_MASTER values ( 20230620, 901 );
insert into DATE_MASTER values ( 20230621, 902 );
insert into DATE_MASTER values ( 20230622, 903 );
insert into DATE_MASTER values ( 20230623, 904 );
insert into DATE_MASTER values ( 20230624, 905 );
insert into DATE_MASTER values ( 20230625, 906 );
insert into DATE_MASTER values ( 20230626, 907 );
insert into DATE_MASTER values ( 20230627, 908 );
insert into DATE_MASTER values ( 20230628, 909 );
insert into DATE_MASTER values ( 20230629, 910 );
insert into DATE_MASTER values ( 20230630, 911 );
insert into DATE_MASTER values ( 20230701, 912 );
insert into DATE_MASTER values ( 20230702, 913 );
insert into DATE_MASTER values ( 20230703, 914 );
insert into DATE_MASTER values ( 20230704, 915 );
insert into DATE_MASTER values ( 20230705, 916 );
insert into DATE_MASTER values ( 20230706, 917 );
insert into DATE_MASTER values ( 20230707, 918 );
insert into DATE_MASTER values ( 20230708, 919 );
insert into DATE_MASTER values ( 20230709, 920 );
insert into DATE_MASTER values ( 20230710, 921 );
insert into DATE_MASTER values ( 20230711, 922 );
insert into DATE_MASTER values ( 20230712, 923 );
insert into DATE_MASTER values ( 20230713, 924 );
insert into DATE_MASTER values ( 20230714, 925 );
insert into DATE_MASTER values ( 20230715, 926 );
insert into DATE_MASTER values ( 20230716, 927 );
insert into DATE_MASTER values ( 20230717, 928 );
insert into DATE_MASTER values ( 20230718, 929 );
insert into DATE_MASTER values ( 20230719, 930 );
insert into DATE_MASTER values ( 20230720, 931 );
insert into DATE_MASTER values ( 20230721, 932 );
insert into DATE_MASTER values ( 20230722, 933 );
insert into DATE_MASTER values ( 20230723, 934 );
insert into DATE_MASTER values ( 20230724, 935 );
insert into DATE_MASTER values ( 20230725, 936 );
insert into DATE_MASTER values ( 20230726, 937 );
insert into DATE_MASTER values ( 20230727, 938 );
insert into DATE_MASTER values ( 20230728, 939 );
insert into DATE_MASTER values ( 20230729, 940 );
insert into DATE_MASTER values ( 20230730, 941 );
insert into DATE_MASTER values ( 20230731, 942 );
insert into DATE_MASTER values ( 20230801, 943 );
insert into DATE_MASTER values ( 20230802, 944 );
insert into DATE_MASTER values ( 20230803, 945 );
insert into DATE_MASTER values ( 20230804, 946 );
insert into DATE_MASTER values ( 20230805, 947 );
insert into DATE_MASTER values ( 20230806, 948 );
insert into DATE_MASTER values ( 20230807, 949 );
insert into DATE_MASTER values ( 20230808, 950 );
insert into DATE_MASTER values ( 20230809, 951 );
insert into DATE_MASTER values ( 20230810, 952 );
insert into DATE_MASTER values ( 20230811, 953 );
insert into DATE_MASTER values ( 20230812, 954 );
insert into DATE_MASTER values ( 20230813, 955 );
insert into DATE_MASTER values ( 20230814, 956 );
insert into DATE_MASTER values ( 20230815, 957 );
insert into DATE_MASTER values ( 20230816, 958 );
insert into DATE_MASTER values ( 20230817, 959 );
insert into DATE_MASTER values ( 20230818, 960 );
insert into DATE_MASTER values ( 20230819, 961 );
insert into DATE_MASTER values ( 20230820, 962 );
insert into DATE_MASTER values ( 20230821, 963 );
insert into DATE_MASTER values ( 20230822, 964 );
insert into DATE_MASTER values ( 20230823, 965 );
insert into DATE_MASTER values ( 20230824, 966 );
insert into DATE_MASTER values ( 20230825, 967 );
insert into DATE_MASTER values ( 20230826, 968 );
insert into DATE_MASTER values ( 20230827, 969 );
insert into DATE_MASTER values ( 20230828, 970 );
insert into DATE_MASTER values ( 20230829, 971 );
insert into DATE_MASTER values ( 20230830, 972 );
insert into DATE_MASTER values ( 20230831, 973 );
insert into DATE_MASTER values ( 20230901, 974 );
insert into DATE_MASTER values ( 20230902, 975 );
insert into DATE_MASTER values ( 20230903, 976 );
insert into DATE_MASTER values ( 20230904, 977 );
insert into DATE_MASTER values ( 20230905, 978 );
insert into DATE_MASTER values ( 20230906, 979 );
insert into DATE_MASTER values ( 20230907, 980 );
insert into DATE_MASTER values ( 20230908, 981 );
insert into DATE_MASTER values ( 20230909, 982 );
insert into DATE_MASTER values ( 20230910, 983 );
insert into DATE_MASTER values ( 20230911, 984 );
insert into DATE_MASTER values ( 20230912, 985 );
insert into DATE_MASTER values ( 20230913, 986 );
insert into DATE_MASTER values ( 20230914, 987 );
insert into DATE_MASTER values ( 20230915, 988 );
insert into DATE_MASTER values ( 20230916, 989 );
insert into DATE_MASTER values ( 20230917, 990 );
insert into DATE_MASTER values ( 20230918, 991 );
insert into DATE_MASTER values ( 20230919, 992 );
insert into DATE_MASTER values ( 20230920, 993 );
insert into DATE_MASTER values ( 20230921, 994 );
insert into DATE_MASTER values ( 20230922, 995 );
insert into DATE_MASTER values ( 20230923, 996 );
insert into DATE_MASTER values ( 20230924, 997 );
insert into DATE_MASTER values ( 20230925, 998 );
insert into DATE_MASTER values ( 20230926, 999 );
insert into DATE_MASTER values ( 20230927, 1000 );
insert into DATE_MASTER values ( 20230928, 1001 );
insert into DATE_MASTER values ( 20230929, 1002 );
insert into DATE_MASTER values ( 20230930, 1003 );
insert into DATE_MASTER values ( 20231001, 1004 );
insert into DATE_MASTER values ( 20231002, 1005 );
insert into DATE_MASTER values ( 20231003, 1006 );
insert into DATE_MASTER values ( 20231004, 1007 );
insert into DATE_MASTER values ( 20231005, 1008 );
insert into DATE_MASTER values ( 20231006, 1009 );
insert into DATE_MASTER values ( 20231007, 1010 );
insert into DATE_MASTER values ( 20231008, 1011 );
insert into DATE_MASTER values ( 20231009, 1012 );
insert into DATE_MASTER values ( 20231010, 1013 );
insert into DATE_MASTER values ( 20231011, 1014 );
insert into DATE_MASTER values ( 20231012, 1015 );
insert into DATE_MASTER values ( 20231013, 1016 );
insert into DATE_MASTER values ( 20231014, 1017 );
insert into DATE_MASTER values ( 20231015, 1018 );
insert into DATE_MASTER values ( 20231016, 1019 );
insert into DATE_MASTER values ( 20231017, 1020 );
insert into DATE_MASTER values ( 20231018, 1021 );
insert into DATE_MASTER values ( 20231019, 1022 );
insert into DATE_MASTER values ( 20231020, 1023 );
insert into DATE_MASTER values ( 20231021, 1024 );
insert into DATE_MASTER values ( 20231022, 1025 );
insert into DATE_MASTER values ( 20231023, 1026 );
insert into DATE_MASTER values ( 20231024, 1027 );
insert into DATE_MASTER values ( 20231025, 1028 );
insert into DATE_MASTER values ( 20231026, 1029 );
insert into DATE_MASTER values ( 20231027, 1030 );
insert into DATE_MASTER values ( 20231028, 1031 );
insert into DATE_MASTER values ( 20231029, 1032 );
insert into DATE_MASTER values ( 20231030, 1033 );
insert into DATE_MASTER values ( 20231031, 1034 );
insert into DATE_MASTER values ( 20231101, 1035 );
insert into DATE_MASTER values ( 20231102, 1036 );
insert into DATE_MASTER values ( 20231103, 1037 );
insert into DATE_MASTER values ( 20231104, 1038 );
insert into DATE_MASTER values ( 20231105, 1039 );
insert into DATE_MASTER values ( 20231106, 1040 );
insert into DATE_MASTER values ( 20231107, 1041 );
insert into DATE_MASTER values ( 20231108, 1042 );
insert into DATE_MASTER values ( 20231109, 1043 );
insert into DATE_MASTER values ( 20231110, 1044 );
insert into DATE_MASTER values ( 20231111, 1045 );
insert into DATE_MASTER values ( 20231112, 1046 );
insert into DATE_MASTER values ( 20231113, 1047 );
insert into DATE_MASTER values ( 20231114, 1048 );
insert into DATE_MASTER values ( 20231115, 1049 );
insert into DATE_MASTER values ( 20231116, 1050 );
insert into DATE_MASTER values ( 20231117, 1051 );
insert into DATE_MASTER values ( 20231118, 1052 );
insert into DATE_MASTER values ( 20231119, 1053 );
insert into DATE_MASTER values ( 20231120, 1054 );
insert into DATE_MASTER values ( 20231121, 1055 );
insert into DATE_MASTER values ( 20231122, 1056 );
insert into DATE_MASTER values ( 20231123, 1057 );
insert into DATE_MASTER values ( 20231124, 1058 );
insert into DATE_MASTER values ( 20231125, 1059 );
insert into DATE_MASTER values ( 20231126, 1060 );
insert into DATE_MASTER values ( 20231127, 1061 );
insert into DATE_MASTER values ( 20231128, 1062 );
insert into DATE_MASTER values ( 20231129, 1063 );
insert into DATE_MASTER values ( 20231130, 1064 );
insert into DATE_MASTER values ( 20231201, 1065 );
insert into DATE_MASTER values ( 20231202, 1066 );
insert into DATE_MASTER values ( 20231203, 1067 );
insert into DATE_MASTER values ( 20231204, 1068 );
insert into DATE_MASTER values ( 20231205, 1069 );
insert into DATE_MASTER values ( 20231206, 1070 );
insert into DATE_MASTER values ( 20231207, 1071 );
insert into DATE_MASTER values ( 20231208, 1072 );
insert into DATE_MASTER values ( 20231209, 1073 );
insert into DATE_MASTER values ( 20231210, 1074 );
insert into DATE_MASTER values ( 20231211, 1075 );
insert into DATE_MASTER values ( 20231212, 1076 );
insert into DATE_MASTER values ( 20231213, 1077 );
insert into DATE_MASTER values ( 20231214, 1078 );
insert into DATE_MASTER values ( 20231215, 1079 );
insert into DATE_MASTER values ( 20231216, 1080 );
insert into DATE_MASTER values ( 20231217, 1081 );
insert into DATE_MASTER values ( 20231218, 1082 );
insert into DATE_MASTER values ( 20231219, 1083 );
insert into DATE_MASTER values ( 20231220, 1084 );
insert into DATE_MASTER values ( 20231221, 1085 );
insert into DATE_MASTER values ( 20231222, 1086 );
insert into DATE_MASTER values ( 20231223, 1087 );
insert into DATE_MASTER values ( 20231224, 1088 );
insert into DATE_MASTER values ( 20231225, 1089 );
insert into DATE_MASTER values ( 20231226, 1090 );
insert into DATE_MASTER values ( 20231227, 1091 );
insert into DATE_MASTER values ( 20231228, 1092 );
insert into DATE_MASTER values ( 20231229, 1093 );
insert into DATE_MASTER values ( 20231230, 1094 );
insert into DATE_MASTER values ( 20231231, 1095 );


-- 連番管理
delete from SEQUENCES;
insert into SEQUENCES values ( 'SEQ_CUSTOMERS', 7 );
insert into SEQUENCES values ( 'SEQ_SHIPPING', 101 );
insert into SEQUENCES values ( 'SEQ_SUPPLIERS', 2 );
insert into SEQUENCES values ( 'SEQ_SESSION', 0 );


-- 得意先
delete from CUSTOMERS;
insert into CUSTOMERS values ( 1, 'ysoga@localdomain', "蘇我幸恵", 'sogayukie12345', '9876543210123210', 0 );
insert into CUSTOMERS values ( 2, 'user2@localdomain', "ユーザ2", 'user2', '1234123412341230', 0 );
insert into CUSTOMERS values ( 3, 'user3@localdomain', "ユーザ3", 'user3', '1234567890123450', 0 );
insert into CUSTOMERS values ( 4, 'user4@localdomain', "ユーザ4", 'user4', '1234565432101230', 0 );
insert into CUSTOMERS values ( 5, 'user5@localdomain', "ユーザ5", 'user5', '1234680235790120', 0 );
insert into CUSTOMERS values ( 6, 'user6@localdomain', "ユーザ6", 'user6', '1234321098765430', 0 );
insert into CUSTOMERS values ( 7, 'user7@localdomain', "ユーザ7", 'user7', '1234124314231430', 0 );

-- お届け先
delete from SHIPPING_ADDRESS;
insert into SHIPPING_ADDRESS values ( 1, 1, "東京都中央区京橋1-10-7", "KPP八重洲ビル10階", "ピアノ生徒1", 20210101 );
insert into SHIPPING_ADDRESS values ( 2, 1, "茨城県水戸市城南2-1-20", "井門水戸ビル5階", "ピアノ生徒2", 20210101 );
insert into SHIPPING_ADDRESS values ( 3, 1, "静岡県浜松市中区板屋町111-2", "浜松アクトタワー10階", "友人A", 20210101 );
insert into SHIPPING_ADDRESS values ( 4, 1, "愛知県名古屋市西区上名古屋3-25-28", "第7猪村ビル4階", "ピアノ生徒3", 20210101 );
insert into SHIPPING_ADDRESS values ( 5, 1, "大阪府吹田市垂水町3-9-10", "白川ビル3階", "ピアノ生徒4", 20210101 );
insert into SHIPPING_ADDRESS values ( 6, 1, "福岡県福岡市博多区博多駅南2-8-16", "東洋マンション駅南スターオフィス2階", "友人B", 20210101 );
insert into SHIPPING_ADDRESS values ( 7, 2, "住所2-1", '', "友人A", 20210101 );
insert into SHIPPING_ADDRESS values ( 8, 2, "住所2-2", "建物2A", "友人B", 20210101 );
insert into SHIPPING_ADDRESS values ( 9, 2, "住所2-3", '', "友人C", 20210101 );
insert into SHIPPING_ADDRESS values ( 10, 2, "住所2-4", '', "生徒1", 20210101 );
insert into SHIPPING_ADDRESS values ( 11, 2, "住所2-5", "建物2B", "生徒2", 20210101 );
insert into SHIPPING_ADDRESS values ( 12, 2, "住所2-6", '', "生徒3", 20210101 );
insert into SHIPPING_ADDRESS values ( 13, 2, "住所2-7", '', "生徒4", 20210101 );
insert into SHIPPING_ADDRESS values ( 14, 3, "住所3-1-1", '', "友人V", 20210101 );
insert into SHIPPING_ADDRESS values ( 15, 3, "住所3-1-2", '', "友人W", 20210101 );
insert into SHIPPING_ADDRESS values ( 16, 3, "住所3-1-3", '', "友人X", 20210101 );
insert into SHIPPING_ADDRESS values ( 17, 3, "住所3-1-4", '', "友人Y", 20210101 );
insert into SHIPPING_ADDRESS values ( 18, 3, "住所3-1-5", '', "友人Z", 20210101 );
insert into SHIPPING_ADDRESS values ( 19, 3, "住所3-1-6", '', "親戚1", 20210101 );
insert into SHIPPING_ADDRESS values ( 20, 3, "住所3-1-7", '', "親戚2", 20210101 );
insert into SHIPPING_ADDRESS values ( 21, 3, "住所3-1-8", '', "親戚3", 20210101 );
insert into SHIPPING_ADDRESS values ( 22, 3, "住所3-1-9", '', "親戚4", 20210101 );
insert into SHIPPING_ADDRESS values ( 23, 3, "住所3-1-10", '', "親戚5", 20210101 );
insert into SHIPPING_ADDRESS values ( 24, 4, "住所4-101", '', "生徒1", 20210101 );
insert into SHIPPING_ADDRESS values ( 25, 4, "住所4-102", '', "生徒2", 20210101 );
insert into SHIPPING_ADDRESS values ( 26, 4, "住所4-103", '', "生徒3", 20210101 );
insert into SHIPPING_ADDRESS values ( 27, 4, "住所4-104", '', "生徒4", 20210101 );
insert into SHIPPING_ADDRESS values ( 28, 4, "住所4-105", '', "生徒5", 20210101 );
insert into SHIPPING_ADDRESS values ( 29, 4, "住所4-106", '', "生徒6", 20210101 );
insert into SHIPPING_ADDRESS values ( 30, 4, "住所4-107", '', "生徒7", 20210101 );
insert into SHIPPING_ADDRESS values ( 31, 4, "住所4-108", '', "生徒8", 20210101 );
insert into SHIPPING_ADDRESS values ( 32, 4, "住所4-109", '', "生徒9", 20210101 );
insert into SHIPPING_ADDRESS values ( 33, 4, "住所4-110", '', "生徒10", 20210101 );
insert into SHIPPING_ADDRESS values ( 34, 4, "住所4-111", '', "生徒11", 20210101 );
insert into SHIPPING_ADDRESS values ( 35, 4, "住所4-112", '', "生徒12", 20210101 );
insert into SHIPPING_ADDRESS values ( 36, 5, "住所51", "なんとかアパート101", "知人1", 20210101 );
insert into SHIPPING_ADDRESS values ( 37, 5, "住所52", "カントかアパート205", "知人2", 20210101 );
insert into SHIPPING_ADDRESS values ( 38, 5, "住所53", '', "知人3", 20210101 );
insert into SHIPPING_ADDRESS values ( 39, 6, "住所6-1-1", '', "ピアノ生徒1", 20210101 );
insert into SHIPPING_ADDRESS values ( 40, 6, "住所6-1-2", '', "ピアノ生徒2", 20210101 );
insert into SHIPPING_ADDRESS values ( 41, 6, "住所6-1-3", '', "ピアノ生徒3", 20210101 );
insert into SHIPPING_ADDRESS values ( 42, 6, "住所6-1-4", '', "ピアノ生徒4", 20210101 );
insert into SHIPPING_ADDRESS values ( 43, 6, "住所6-1-5", '', "ピアノ生徒5", 20210101 );
insert into SHIPPING_ADDRESS values ( 44, 6, "住所6-1-6", '', "ピアノ生徒6", 20210101 );
insert into SHIPPING_ADDRESS values ( 45, 6, "住所6-1-7", '', "ピアノ生徒7", 20210101 );
insert into SHIPPING_ADDRESS values ( 46, 6, "住所6-1-8", '', "ピアノ生徒8", 20210101 );
insert into SHIPPING_ADDRESS values ( 47, 6, "住所6-1-9", '', "ピアノ生徒9", 20210101 );
insert into SHIPPING_ADDRESS values ( 48, 6, "住所6-1-10", '', "ピアノ生徒10", 20210101 );
insert into SHIPPING_ADDRESS values ( 49, 6, "住所6-2-1", '', "ピアノ生徒11", 20210101 );
insert into SHIPPING_ADDRESS values ( 50, 6, "住所6-2-2", '', "ピアノ生徒12", 20210101 );
insert into SHIPPING_ADDRESS values ( 51, 6, "住所6-2-3", '', "ピアノ生徒13", 20210101 );
insert into SHIPPING_ADDRESS values ( 52, 6, "住所6-2-4", '', "ピアノ生徒14", 20210101 );
insert into SHIPPING_ADDRESS values ( 53, 6, "住所6-2-5", '', "ピアノ生徒15", 20210101 );
insert into SHIPPING_ADDRESS values ( 54, 6, "住所6-2-6", '', "ピアノ生徒16", 20210101 );
insert into SHIPPING_ADDRESS values ( 55, 6, "住所6-2-7", '', "ピアノ生徒17", 20210101 );
insert into SHIPPING_ADDRESS values ( 56, 6, "住所6-2-8", '', "ピアノ生徒18", 20210101 );
insert into SHIPPING_ADDRESS values ( 57, 6, "住所6-2-9", '', "ピアノ生徒19", 20210101 );
insert into SHIPPING_ADDRESS values ( 58, 6, "住所6-2-10", '', "ピアノ生徒20", 20210101 );
insert into SHIPPING_ADDRESS values ( 59, 6, "住所6-3-1", '', "ピアノ生徒21", 20210101 );
insert into SHIPPING_ADDRESS values ( 60, 6, "住所6-3-2", '', "ピアノ生徒22", 20210101 );
insert into SHIPPING_ADDRESS values ( 61, 6, "住所6-3-3", '', "ピアノ生徒23", 20210101 );
insert into SHIPPING_ADDRESS values ( 62, 6, "住所6-3-4", '', "ピアノ生徒24", 20210101 );
insert into SHIPPING_ADDRESS values ( 63, 6, "住所6-3-5", '', "ピアノ生徒25", 20210101 );
insert into SHIPPING_ADDRESS values ( 64, 6, "住所6-3-6", '', "ピアノ生徒26", 20210101 );
insert into SHIPPING_ADDRESS values ( 65, 6, "住所6-3-7", '', "ピアノ生徒27", 20210101 );
insert into SHIPPING_ADDRESS values ( 66, 6, "住所6-3-8", '', "ピアノ生徒28", 20210101 );
insert into SHIPPING_ADDRESS values ( 67, 6, "住所6-3-9", '', "ピアノ生徒29", 20210101 );
insert into SHIPPING_ADDRESS values ( 68, 6, "住所6-3-10", '', "ピアノ生徒30", 20210101 );
insert into SHIPPING_ADDRESS values ( 69, 7, "住所7", "サブ住所7-1", "上司1", 20210101 );
insert into SHIPPING_ADDRESS values ( 70, 7, "住所7", "サブ住所7-2", "上司2", 20210101 );
insert into SHIPPING_ADDRESS values ( 71, 7, "住所7", "サブ住所7-3", "上司3", 20210101 );
insert into SHIPPING_ADDRESS values ( 72, 7, "住所7", "サブ住所7-4", "社長", 20210101 );
insert into SHIPPING_ADDRESS values ( 73, 7, "住所7", "サブ住所7-5", "部下1", 20210101 );
insert into SHIPPING_ADDRESS values ( 74, 7, "住所7", "サブ住所7-6", "部下2", 20210101 );
insert into SHIPPING_ADDRESS values ( 75, 7, "住所7", "サブ住所7-7", "部下3", 20210101 );
insert into SHIPPING_ADDRESS values ( 76, 7, "住所7", "サブ住所7-8", "部下4", 20210101 );
insert into SHIPPING_ADDRESS values ( 77, 7, "住所7", "サブ住所7-9", "部下5", 20210101 );
insert into SHIPPING_ADDRESS values ( 78, 7, "住所7", "サブ住所7-10", "同僚1", 20210101 );
insert into SHIPPING_ADDRESS values ( 79, 7, "住所7", "サブ住所7-11", "同僚2", 20210101 );
insert into SHIPPING_ADDRESS values ( 80, 7, "住所7", "サブ住所7-12", "同僚3", 20210101 );
insert into SHIPPING_ADDRESS values ( 81, 7, "住所7", "サブ住所7-13", "先輩1", 20210101 );
insert into SHIPPING_ADDRESS values ( 82, 7, "住所7", "サブ住所7-14", "先輩2", 20210101 );
insert into SHIPPING_ADDRESS values ( 83, 7, "住所7", "サブ住所7-15", "妻", 20210101 );
insert into SHIPPING_ADDRESS values ( 84, 7, "住所7", "サブ住所7-16", "娘", 20210101 );
insert into SHIPPING_ADDRESS values ( 85, 7, "住所7", "サブ住所7-17", "息子1", 20210101 );
insert into SHIPPING_ADDRESS values ( 86, 7, "住所7", "サブ住所7-18", "息子2", 20210101 );
insert into SHIPPING_ADDRESS values ( 87, 7, "住所7", "サブ住所7-19", "甥1", 20210101 );
insert into SHIPPING_ADDRESS values ( 88, 7, "住所7", "サブ住所7-20", "甥2", 20210101 );
insert into SHIPPING_ADDRESS values ( 89, 7, "住所7", "サブ住所7-21", "甥3", 20210101 );
insert into SHIPPING_ADDRESS values ( 90, 7, "住所7", "サブ住所7-22", "姪1", 20210101 );
insert into SHIPPING_ADDRESS values ( 91, 7, "住所7", "サブ住所7-23", "姪2", 20210101 );
insert into SHIPPING_ADDRESS values ( 92, 7, "住所7", "サブ住所7-24", "姪3", 20210101 );
insert into SHIPPING_ADDRESS values ( 93, 7, "住所7", "サブ住所7-25", "父方祖父", 20210101 );
insert into SHIPPING_ADDRESS values ( 94, 7, "住所7", "サブ住所7-26", "父方祖母", 20210101 );
insert into SHIPPING_ADDRESS values ( 95, 7, "住所7", "サブ住所7-27", "母方祖母", 20210101 );
insert into SHIPPING_ADDRESS values ( 96, 7, "住所7", "サブ住所7-28", "父", 20210101 );
insert into SHIPPING_ADDRESS values ( 97, 7, "住所7", "サブ住所7-29", "母", 20210101 );
insert into SHIPPING_ADDRESS values ( 98, 7, "住所7", "サブ住所7-30", "妻の父", 20210101 );
insert into SHIPPING_ADDRESS values ( 99, 7, "住所7", "サブ住所7-31", "妻の母", 20210101 );
insert into SHIPPING_ADDRESS values ( 100, 7, "住所7", "サブ住所7-32", "従兄弟", 20210101 );
insert into SHIPPING_ADDRESS values ( 101, 7, "住所7", "サブ住所7-33", "従姉妹", 20210101 );

-- 仕入れ先
delete from SUPPLIERS;
insert into SUPPLIERS values ( 1, "新橋園芸", "東京都中央区銀座", "銀座六丁目園芸団地21-8", '00012345678', '00012345677', 'shinbashi@localdomain' );
insert into SUPPLIERS values ( 2, "木挽町花壇", "東京都中央区銀座四丁目121-5", '', '09098765432', '0120000000', 'kobiki@localdomain' );


-- 単品
delete from BOUQUET_PARTS;
insert into BOUQUET_PARTS values ( 'BA001', "薔薇(赤)", 1, 100, 3, 0 );
insert into BOUQUET_PARTS values ( 'BA002', "薔薇(白)", 1, 100, 3, 0 );
insert into BOUQUET_PARTS values ( 'BA003', "薔薇(ピンク)", 1, 100, 3, 0 );
insert into BOUQUET_PARTS values ( 'GP001', "かすみ草", 2, 50, 2, 0 );
insert into BOUQUET_PARTS values ( 'CN001', "カーネーション(赤)", 3, 100, 5, 0 );
insert into BOUQUET_PARTS values ( 'CN002', "カーネーション(ピンク)", 3, 100, 5, 0 );

-- 単品仕入れ先
delete from BOUQUET_SUPPLIERS;
insert into BOUQUET_SUPPLIERS values (1, 'BA001' );
insert into BOUQUET_SUPPLIERS values (1, 'BA002' );
insert into BOUQUET_SUPPLIERS values (1, 'BA003' );
insert into BOUQUET_SUPPLIERS values (1, 'GP001' );
insert into BOUQUET_SUPPLIERS values (2, 'GP001' );
insert into BOUQUET_SUPPLIERS values (2, 'CN001' );
insert into BOUQUET_SUPPLIERS values (2, 'CN002' );


-- 商品(花束セット)
delete from BOUQUET_SET;
insert into BOUQUET_SET values ( 'HT001', "花束-Aセット", '', 1, 0 );
insert into BOUQUET_SET values ( 'HT002', "花束-Bセット", '', 2, 0 );
insert into BOUQUET_SET values ( 'HT003', "一輪挿し-A", '', 1, 0 );
insert into BOUQUET_SET values ( 'HT004', "結婚式用ブーケ", '', 5, 0 );
insert into BOUQUET_SET values ( 'HT005', "母の日感謝セット", '', 5, 0 );
insert into BOUQUET_SET values ( 'HT006', "花束-Cセット", '', 5, 0 );

-- 商品構成
delete from BOUQUET_PARTS_LIST;
insert into BOUQUET_PARTS_LIST values ( 'HT001', 'BA001', 4 );
insert into BOUQUET_PARTS_LIST values ( 'HT002', 'BA001', 3 );
insert into BOUQUET_PARTS_LIST values ( 'HT002', 'BA002', 5 );
insert into BOUQUET_PARTS_LIST values ( 'HT002', 'BA003', 3 );
insert into BOUQUET_PARTS_LIST values ( 'HT002', 'GP001', 6 );
insert into BOUQUET_PARTS_LIST values ( 'HT003', 'BA003', 1 );
insert into BOUQUET_PARTS_LIST values ( 'HT004', 'BA002', 3 );
insert into BOUQUET_PARTS_LIST values ( 'HT004', 'BA003', 5 );
insert into BOUQUET_PARTS_LIST values ( 'HT004', 'GP001', 3 );
insert into BOUQUET_PARTS_LIST values ( 'HT004', 'CN002', 3 );
insert into BOUQUET_PARTS_LIST values ( 'HT005', 'CN001', 6 );
insert into BOUQUET_PARTS_LIST values ( 'HT005', 'CN002', 6 );
insert into BOUQUET_PARTS_LIST values ( 'HT006', 'BA001', 6 );
insert into BOUQUET_PARTS_LIST values ( 'HT006', 'BA002', 4 );
insert into BOUQUET_PARTS_LIST values ( 'HT006', 'BA003', 3 );
insert into BOUQUET_PARTS_LIST values ( 'HT006', 'GP001', 3 );
insert into BOUQUET_PARTS_LIST values ( 'HT006', 'CN001', 2 );
insert into BOUQUET_PARTS_LIST values ( 'HT006', 'CN002', 5 );

-- 受注履歴
delete from ORDER_FROM_CUSTOMER;
insert into ORDER_FROM_CUSTOMER values ( '20210429-000001', 20210429, 1, 'HT001', 1, 20210430, 1, "メッセージ00001", 0 );
insert into ORDER_FROM_CUSTOMER values ( '20210429-000002', 20210429, 1, 'HT001', 2, 20210430, 1, "", 0 );
insert into ORDER_FROM_CUSTOMER values ( '20210429-000003', 20210429, 1, 'HT001', 3, 20210430, 1, "メッセージ00003", 0 );
insert into ORDER_FROM_CUSTOMER values ( '20210429-000004', 20210429, 1, 'HT001', 4, 20210430, 1, "メッセージ00004", 0 );
insert into ORDER_FROM_CUSTOMER values ( '20210429-000005', 20210429, 1, 'HT001', 5, 20210430, 1, "メッセージ00005", 0 );
insert into ORDER_FROM_CUSTOMER values ( '20210430-000001', 20210430, 1, 'HT002', 1, 20210501, 1, "", 0 );
insert into ORDER_FROM_CUSTOMER values ( '20210430-000002', 20210430, 1, 'HT002', 2, 20210501, 1, "", 0 );
insert into ORDER_FROM_CUSTOMER values ( '20210430-000003', 20210430, 1, 'HT002', 4, 20210501, 1, "メッセージ00008", 0 );
insert into ORDER_FROM_CUSTOMER values ( '20210430-000004', 20210430, 1, 'HT002', 5, 20210501, 1, "", 0 );
insert into ORDER_FROM_CUSTOMER values ( '20210430-000005', 20210430, 1, 'HT002', 3, 20210501, 1, "メッセージ00010", 0 );
insert into ORDER_FROM_CUSTOMER values ( '20210430-000006', 20210430, 1, 'HT002', 6, 20210501, 1, "メッセージ00011", 0 );
insert into ORDER_FROM_CUSTOMER values ( '20210430-000007', 20210430, 2, 'HT002', 9, 20210501, 1, "メッセージ00012", 0 );
insert into ORDER_FROM_CUSTOMER values ( '20210430-000008', 20210430, 2, 'HT002', 10, 20210501, 1, "", 0 );
insert into ORDER_FROM_CUSTOMER values ( '20210430-000009', 20210430, 3, 'HT002', 14, 20210501, 1, "メッセージ00014", 0 );
insert into ORDER_FROM_CUSTOMER values ( '20210430-000010', 20210430, 3, 'HT002', 15, 20210501, 1, "", 0 );
insert into ORDER_FROM_CUSTOMER values ( '20210430-000011', 20210430, 3, 'HT001', 16, 20210501, 1, "メッセージ00016", 0 );
insert into ORDER_FROM_CUSTOMER values ( '20210430-000012', 20210430, 3, 'HT001', 17, 20210501, 1, "メッセージ00017", 0 );
insert into ORDER_FROM_CUSTOMER values ( '20210430-000013', 20210430, 3, 'HT001', 18, 20210501, 1, "", 0 );
insert into ORDER_FROM_CUSTOMER values ( '20210430-000014', 20210430, 5, 'HT001', 36, 20210501, 1, "", 0 );
insert into ORDER_FROM_CUSTOMER values ( '20210430-000015', 20210430, 5, 'HT001', 38, 20210501, 1, "メッセージ00020", 0 );
insert into ORDER_FROM_CUSTOMER values ( '20210501-000001', 20210501, 1, 'HT006', 1, 20210502, 1, "", 0 );
insert into ORDER_FROM_CUSTOMER values ( '20210501-000002', 20210501, 1, 'HT006', 2, 20210502, 1, "", 0 );
insert into ORDER_FROM_CUSTOMER values ( '20210501-000003', 20210501, 1, 'HT006', 4, 20210502, 1, "メッセージ00023", 0 );
insert into ORDER_FROM_CUSTOMER values ( '20210501-000004', 20210501, 1, 'HT006', 5, 20210502, 1, "", 0 );
insert into ORDER_FROM_CUSTOMER values ( '20210501-000005', 20210501, 1, 'HT006', 3, 20210502, 1, "", 0 );
insert into ORDER_FROM_CUSTOMER values ( '20210501-000006', 20210501, 1, 'HT001', 6, 20210502, 1, "", 0 );
insert into ORDER_FROM_CUSTOMER values ( '20210501-000007', 20210501, 2, 'HT001', 7, 20210502, 1, "メッセージ00027", 0 );
insert into ORDER_FROM_CUSTOMER values ( '20210501-000008', 20210501, 2, 'HT001', 8, 20210502, 1, "", 0 );
insert into ORDER_FROM_CUSTOMER values ( '20210501-000009', 20210501, 2, 'HT001', 9, 20210502, 1, "メッセージ00029", 0 );
insert into ORDER_FROM_CUSTOMER values ( '20210501-000010', 20210501, 2, 'HT001', 10, 20210502, 1, "", 0 );
insert into ORDER_FROM_CUSTOMER values ( '20210501-000011', 20210501, 2, 'HT001', 11, 20210502, 1, "メッセージ00031", 0 );
insert into ORDER_FROM_CUSTOMER values ( '20210501-000012', 20210501, 2, 'HT001', 12, 20210502, 1, "", 0 );
insert into ORDER_FROM_CUSTOMER values ( '20210501-000013', 20210501, 2, 'HT001', 13, 20210502, 1, "", 0 );
insert into ORDER_FROM_CUSTOMER values ( '20210501-000014', 20210501, 3, 'HT001', 14, 20210502, 1, "メッセージ00034", 0 );
insert into ORDER_FROM_CUSTOMER values ( '20210501-000015', 20210501, 3, 'HT001', 15, 20210502, 1, "", 0 );
insert into ORDER_FROM_CUSTOMER values ( '20210501-000016', 20210501, 3, 'HT001', 16, 20210502, 1, "", 0 );
insert into ORDER_FROM_CUSTOMER values ( '20210501-000017', 20210501, 3, 'HT002', 17, 20210502, 1, "メッセージ00037", 0 );
insert into ORDER_FROM_CUSTOMER values ( '20210501-000018', 20210501, 3, 'HT002', 18, 20210502, 1, "", 0 );
insert into ORDER_FROM_CUSTOMER values ( '20210501-000019', 20210501, 3, 'HT002', 19, 20210502, 1, "メッセージ00039", 0 );
insert into ORDER_FROM_CUSTOMER values ( '20210502-000001', 20210502, 3, 'HT001', 20, 20210503, 1, "メッセージ00040", 0 );
insert into ORDER_FROM_CUSTOMER values ( '20210502-000002', 20210502, 3, 'HT001', 21, 20210503, 1, "", 0 );
insert into ORDER_FROM_CUSTOMER values ( '20210502-000003', 20210502, 3, 'HT001', 22, 20210503, 1, "", 0 );
insert into ORDER_FROM_CUSTOMER values ( '20210502-000004', 20210502, 3, 'HT002', 23, 20210503, 1, "メッセージ00043", 0 );
insert into ORDER_FROM_CUSTOMER values ( '20210502-000005', 20210502, 4, 'HT002', 24, 20210503, 1, "メッセージ00044", 0 );
insert into ORDER_FROM_CUSTOMER values ( '20210502-000006', 20210502, 4, 'HT002', 25, 20210503, 1, "", 0 );
insert into ORDER_FROM_CUSTOMER values ( '20210502-000007', 20210502, 4, 'HT002', 26, 20210503, 1, "", 0 );
insert into ORDER_FROM_CUSTOMER values ( '20210502-000008', 20210502, 4, 'HT006', 27, 20210503, 1, "メッセージ00047", 0 );
insert into ORDER_FROM_CUSTOMER values ( '20210503-000001', 20210503, 4, 'HT006', 28, 20210504, 1, "メッセージ00048", 0 );
insert into ORDER_FROM_CUSTOMER values ( '20210503-000002', 20210503, 4, 'HT006', 29, 20210504, 1, "", 0 );
insert into ORDER_FROM_CUSTOMER values ( '20210503-000003', 20210503, 4, 'HT006', 30, 20210504, 1, "", 0 );
insert into ORDER_FROM_CUSTOMER values ( '20210503-000004', 20210503, 4, 'HT006', 31, 20210504, 1, "", 0 );
insert into ORDER_FROM_CUSTOMER values ( '20210503-000005', 20210503, 4, 'HT006', 32, 20210504, 1, "", 0 );
insert into ORDER_FROM_CUSTOMER values ( '20210503-000006', 20210503, 4, 'HT006', 33, 20210504, 1, "", 0 );
insert into ORDER_FROM_CUSTOMER values ( '20210503-000007', 20210503, 4, 'HT006', 34, 20210504, 1, "メッセージ00054", 0 );
insert into ORDER_FROM_CUSTOMER values ( '20210503-000008', 20210503, 4, 'HT006', 35, 20210504, 1, "", 0 );
insert into ORDER_FROM_CUSTOMER values ( '20210503-000009', 20210503, 5, 'HT006', 36, 20210504, 1, "メッセージ00056", 0 );
insert into ORDER_FROM_CUSTOMER values ( '20210503-000010', 20210503, 5, 'HT006', 37, 20210504, 1, "", 0 );
insert into ORDER_FROM_CUSTOMER values ( '20210503-000011', 20210503, 5, 'HT006', 38, 20210504, 1, "", 0 );
insert into ORDER_FROM_CUSTOMER values ( '20210503-000012', 20210503, 1, 'HT006', 1, 20210504, 1, "", 0 );
insert into ORDER_FROM_CUSTOMER values ( '20210503-000013', 20210503, 1, 'HT006', 2, 20210504, 1, "", 0 );
insert into ORDER_FROM_CUSTOMER values ( '20210503-000014', 20210503, 1, 'HT006', 4, 20210504, 1, "メッセージ00061", 0 );
insert into ORDER_FROM_CUSTOMER values ( '20210503-000015', 20210503, 1, 'HT006', 5, 20210504, 1, "", 0 );
insert into ORDER_FROM_CUSTOMER values ( '20210503-000016', 20210503, 1, 'HT006', 3, 20210504, 1, "メッセージ00063", 0 );
insert into ORDER_FROM_CUSTOMER values ( '20210503-000017', 20210503, 1, 'HT006', 6, 20210504, 1, "メッセージ00064", 0 );
insert into ORDER_FROM_CUSTOMER values ( '20210503-000018', 20210503, 2, 'HT006', 7, 20210504, 1, "メッセージ00065", 0 );
insert into ORDER_FROM_CUSTOMER values ( '20210503-000019', 20210503, 2, 'HT006', 8, 20210504, 1, "", 0 );
insert into ORDER_FROM_CUSTOMER values ( '20210503-000020', 20210503, 2, 'HT006', 9, 20210504, 1, "メッセージ00067", 0 );
insert into ORDER_FROM_CUSTOMER values ( '20210503-000021', 20210503, 2, 'HT006', 10, 20210504, 1, "メッセージ00068", 0 );
insert into ORDER_FROM_CUSTOMER values ( '20210503-000022', 20210503, 2, 'HT006', 11, 20210504, 1, "", 0 );
insert into ORDER_FROM_CUSTOMER values ( '20210503-000023', 20210503, 2, 'HT006', 12, 20210504, 1, "", 0 );
insert into ORDER_FROM_CUSTOMER values ( '20210503-000024', 20210503, 2, 'HT006', 13, 20210504, 1, "", 0 );
insert into ORDER_FROM_CUSTOMER values ( '20210503-000025', 20210503, 3, 'HT006', 14, 20210504, 1, "", 0 );
insert into ORDER_FROM_CUSTOMER values ( '20210503-000026', 20210503, 3, 'HT006', 15, 20210504, 1, "", 0 );
insert into ORDER_FROM_CUSTOMER values ( '20210503-000027', 20210503, 3, 'HT006', 16, 20210504, 1, "", 0 );
insert into ORDER_FROM_CUSTOMER values ( '20210503-000028', 20210503, 3, 'HT006', 17, 20210504, 1, "", 0 );
insert into ORDER_FROM_CUSTOMER values ( '20210503-000029', 20210503, 3, 'HT006', 18, 20210504, 1, "メッセージ00076", 0 );
insert into ORDER_FROM_CUSTOMER values ( '20210503-000030', 20210503, 3, 'HT006', 19, 20210504, 1, "", 0 );
insert into ORDER_FROM_CUSTOMER values ( '20210503-000031', 20210503, 6, 'HT006', 39, 20210504, 1, "", 0 );
insert into ORDER_FROM_CUSTOMER values ( '20210503-000032', 20210503, 6, 'HT006', 40, 20210504, 1, "メッセージ00079", 0 );
insert into ORDER_FROM_CUSTOMER values ( '20210503-000033', 20210503, 6, 'HT006', 41, 20210504, 1, "", 0 );
insert into ORDER_FROM_CUSTOMER values ( '20210503-000034', 20210503, 6, 'HT006', 42, 20210504, 1, "メッセージ00081", 0 );
insert into ORDER_FROM_CUSTOMER values ( '20210503-000035', 20210503, 6, 'HT006', 43, 20210504, 1, "", 0 );
insert into ORDER_FROM_CUSTOMER values ( '20210503-000036', 20210503, 6, 'HT006', 44, 20210504, 1, "", 0 );
insert into ORDER_FROM_CUSTOMER values ( '20210503-000037', 20210503, 6, 'HT006', 45, 20210504, 1, "メッセージ00084", 0 );
insert into ORDER_FROM_CUSTOMER values ( '20210503-000038', 20210503, 6, 'HT006', 46, 20210504, 1, "メッセージ00085", 0 );
insert into ORDER_FROM_CUSTOMER values ( '20210503-000039', 20210503, 6, 'HT006', 47, 20210504, 1, "メッセージ00086", 0 );
insert into ORDER_FROM_CUSTOMER values ( '20210503-000040', 20210503, 6, 'HT006', 48, 20210504, 1, "", 0 );
insert into ORDER_FROM_CUSTOMER values ( '20210503-000041', 20210503, 6, 'HT006', 49, 20210504, 1, "メッセージ00088", 0 );
insert into ORDER_FROM_CUSTOMER values ( '20210503-000042', 20210503, 6, 'HT006', 50, 20210504, 1, "", 0 );
insert into ORDER_FROM_CUSTOMER values ( '20210503-000043', 20210503, 6, 'HT006', 51, 20210504, 1, "", 0 );
insert into ORDER_FROM_CUSTOMER values ( '20210503-000044', 20210503, 6, 'HT006', 52, 20210504, 1, "メッセージ00091", 0 );
insert into ORDER_FROM_CUSTOMER values ( '20210503-000045', 20210503, 6, 'HT006', 53, 20210504, 1, "メッセージ00092", 0 );
insert into ORDER_FROM_CUSTOMER values ( '20210503-000046', 20210503, 6, 'HT006', 54, 20210504, 1, "", 0 );
insert into ORDER_FROM_CUSTOMER values ( '20210503-000047', 20210503, 6, 'HT006', 55, 20210504, 1, "", 0 );
insert into ORDER_FROM_CUSTOMER values ( '20210503-000048', 20210503, 6, 'HT006', 56, 20210504, 1, "メッセージ00095", 0 );
insert into ORDER_FROM_CUSTOMER values ( '20210503-000049', 20210503, 6, 'HT006', 57, 20210504, 1, "", 0 );
insert into ORDER_FROM_CUSTOMER values ( '20210503-000050', 20210503, 6, 'HT006', 58, 20210504, 1, "メッセージ00097", 0 );
insert into ORDER_FROM_CUSTOMER values ( '20210503-000051', 20210503, 6, 'HT002', 59, 20210504, 1, "メッセージ00098", 0 );
insert into ORDER_FROM_CUSTOMER values ( '20210503-000052', 20210503, 6, 'HT002', 60, 20210504, 1, "メッセージ00099", 0 );
insert into ORDER_FROM_CUSTOMER values ( '20210503-000053', 20210503, 6, 'HT002', 61, 20210504, 1, "メッセージ00100", 0 );
insert into ORDER_FROM_CUSTOMER values ( '20210503-000054', 20210503, 6, 'HT002', 62, 20210504, 1, "メッセージ00101", 0 );
insert into ORDER_FROM_CUSTOMER values ( '20210503-000055', 20210503, 6, 'HT002', 63, 20210504, 1, "", 0 );
insert into ORDER_FROM_CUSTOMER values ( '20210503-000056', 20210503, 6, 'HT002', 64, 20210504, 1, "", 0 );
insert into ORDER_FROM_CUSTOMER values ( '20210503-000057', 20210503, 6, 'HT002', 65, 20210504, 1, "", 0 );
insert into ORDER_FROM_CUSTOMER values ( '20210503-000058', 20210503, 6, 'HT002', 66, 20210504, 1, "", 0 );
insert into ORDER_FROM_CUSTOMER values ( '20210503-000059', 20210503, 6, 'HT002', 67, 20210504, 1, "メッセージ00106", 0 );
insert into ORDER_FROM_CUSTOMER values ( '20210503-000060', 20210503, 6, 'HT002', 68, 20210504, 1, "", 0 );
insert into ORDER_FROM_CUSTOMER values ( '20210503-000061', 20210503, 7, 'HT002', 69, 20210504, 1, "", 0 );
insert into ORDER_FROM_CUSTOMER values ( '20210503-000062', 20210503, 7, 'HT002', 70, 20210504, 1, "", 0 );
insert into ORDER_FROM_CUSTOMER values ( '20210503-000063', 20210503, 7, 'HT002', 71, 20210504, 1, "メッセージ00110", 0 );
insert into ORDER_FROM_CUSTOMER values ( '20210503-000064', 20210503, 7, 'HT002', 72, 20210504, 1, "メッセージ00111", 0 );
insert into ORDER_FROM_CUSTOMER values ( '20210503-000065', 20210503, 7, 'HT002', 73, 20210504, 1, "メッセージ00112", 0 );
insert into ORDER_FROM_CUSTOMER values ( '20210503-000066', 20210503, 7, 'HT002', 74, 20210504, 1, "メッセージ00113", 0 );
insert into ORDER_FROM_CUSTOMER values ( '20210503-000067', 20210503, 7, 'HT002', 75, 20210504, 1, "メッセージ00114", 0 );
insert into ORDER_FROM_CUSTOMER values ( '20210503-000068', 20210503, 7, 'HT002', 76, 20210504, 1, "", 0 );
insert into ORDER_FROM_CUSTOMER values ( '20210503-000069', 20210503, 7, 'HT002', 77, 20210504, 1, "", 0 );
insert into ORDER_FROM_CUSTOMER values ( '20210503-000070', 20210503, 7, 'HT002', 78, 20210504, 1, "", 0 );
insert into ORDER_FROM_CUSTOMER values ( '20210503-000071', 20210503, 7, 'HT001', 79, 20210504, 1, "メッセージ00118", 0 );
insert into ORDER_FROM_CUSTOMER values ( '20210503-000072', 20210503, 7, 'HT001', 80, 20210504, 1, "メッセージ00119", 0 );
insert into ORDER_FROM_CUSTOMER values ( '20210503-000073', 20210503, 7, 'HT001', 81, 20210504, 1, "メッセージ00120", 0 );
insert into ORDER_FROM_CUSTOMER values ( '20210503-000074', 20210503, 7, 'HT001', 82, 20210504, 1, "", 0 );
insert into ORDER_FROM_CUSTOMER values ( '20210503-000075', 20210503, 7, 'HT001', 83, 20210504, 1, "メッセージ00122", 0 );
insert into ORDER_FROM_CUSTOMER values ( '20210503-000076', 20210503, 7, 'HT001', 84, 20210504, 1, "メッセージ00123", 0 );
insert into ORDER_FROM_CUSTOMER values ( '20210503-000077', 20210503, 7, 'HT001', 85, 20210504, 1, "", 0 );
insert into ORDER_FROM_CUSTOMER values ( '20210503-000078', 20210503, 7, 'HT001', 86, 20210504, 1, "", 0 );
insert into ORDER_FROM_CUSTOMER values ( '20210503-000079', 20210503, 7, 'HT001', 87, 20210504, 1, "", 0 );
insert into ORDER_FROM_CUSTOMER values ( '20210503-000080', 20210503, 7, 'HT001', 88, 20210504, 1, "メッセージ00127", 0 );
insert into ORDER_FROM_CUSTOMER values ( '20210504-000001', 20210504, 7, 'HT002', 89, 20210505, 1, "メッセージ00128", 0 );
insert into ORDER_FROM_CUSTOMER values ( '20210504-000002', 20210504, 7, 'HT002', 90, 20210505, 1, "メッセージ00129", 0 );
insert into ORDER_FROM_CUSTOMER values ( '20210504-000003', 20210504, 7, 'HT002', 91, 20210505, 1, "", 0 );
insert into ORDER_FROM_CUSTOMER values ( '20210504-000004', 20210504, 7, 'HT002', 92, 20210505, 1, "", 0 );
insert into ORDER_FROM_CUSTOMER values ( '20210504-000005', 20210504, 7, 'HT002', 93, 20210505, 1, "メッセージ00132", 0 );
insert into ORDER_FROM_CUSTOMER values ( '20210504-000006', 20210504, 7, 'HT002', 94, 20210505, 1, "", 0 );
insert into ORDER_FROM_CUSTOMER values ( '20210504-000007', 20210504, 7, 'HT002', 95, 20210505, 1, "", 0 );
insert into ORDER_FROM_CUSTOMER values ( '20210504-000008', 20210504, 7, 'HT002', 96, 20210505, 1, "メッセージ00135", 0 );
insert into ORDER_FROM_CUSTOMER values ( '20210504-000009', 20210504, 7, 'HT002', 97, 20210505, 1, "メッセージ00136", 0 );
insert into ORDER_FROM_CUSTOMER values ( '20210504-000010', 20210504, 7, 'HT002', 98, 20210505, 1, "", 0 );
insert into ORDER_FROM_CUSTOMER values ( '20210504-000011', 20210504, 7, 'HT002', 99, 20210505, 1, "", 0 );
insert into ORDER_FROM_CUSTOMER values ( '20210504-000012', 20210504, 7, 'HT002', 100, 20210505, 1, "メッセージ00139", 0 );
insert into ORDER_FROM_CUSTOMER values ( '20210504-000013', 20210504, 7, 'HT002', 101, 20210505, 1, "", 0 );
insert into ORDER_FROM_CUSTOMER values ( '20210504-000014', 20210504, 1, 'HT002', 1, 20210505, 1, "", 0 );
insert into ORDER_FROM_CUSTOMER values ( '20210504-000015', 20210504, 1, 'HT002', 2, 20210505, 1, "メッセージ00142", 0 );
insert into ORDER_FROM_CUSTOMER values ( '20210504-000016', 20210504, 1, 'HT002', 4, 20210505, 1, "", 0 );
insert into ORDER_FROM_CUSTOMER values ( '20210504-000017', 20210504, 1, 'HT002', 5, 20210505, 1, "メッセージ00144", 0 );
insert into ORDER_FROM_CUSTOMER values ( '20210504-000018', 20210504, 1, 'HT002', 3, 20210505, 1, "メッセージ00145", 0 );
insert into ORDER_FROM_CUSTOMER values ( '20210504-000019', 20210504, 1, 'HT002', 6, 20210505, 1, "", 0 );
insert into ORDER_FROM_CUSTOMER values ( '20210504-000020', 20210504, 3, 'HT002', 14, 20210505, 1, "メッセージ00147", 0 );
insert into ORDER_FROM_CUSTOMER values ( '20210504-000021', 20210504, 3, 'HT006', 15, 20210505, 1, "メッセージ00148", 0 );
insert into ORDER_FROM_CUSTOMER values ( '20210504-000022', 20210504, 3, 'HT006', 16, 20210505, 1, "メッセージ00149", 0 );
insert into ORDER_FROM_CUSTOMER values ( '20210504-000023', 20210504, 3, 'HT006', 17, 20210505, 1, "メッセージ00150", 0 );
insert into ORDER_FROM_CUSTOMER values ( '20210504-000024', 20210504, 3, 'HT006', 18, 20210505, 1, "", 0 );
insert into ORDER_FROM_CUSTOMER values ( '20210504-000025', 20210504, 3, 'HT006', 19, 20210505, 1, "メッセージ00152", 0 );
insert into ORDER_FROM_CUSTOMER values ( '20210504-000026', 20210504, 3, 'HT006', 20, 20210505, 1, "", 0 );
insert into ORDER_FROM_CUSTOMER values ( '20210504-000027', 20210504, 3, 'HT006', 21, 20210505, 1, "メッセージ00154", 0 );
insert into ORDER_FROM_CUSTOMER values ( '20210504-000028', 20210504, 3, 'HT006', 22, 20210505, 1, "", 0 );
insert into ORDER_FROM_CUSTOMER values ( '20210504-000029', 20210504, 3, 'HT006', 23, 20210505, 1, "メッセージ00156", 0 );
insert into ORDER_FROM_CUSTOMER values ( '20210504-000030', 20210504, 4, 'HT006', 24, 20210505, 1, "", 0 );
insert into ORDER_FROM_CUSTOMER values ( '20210504-000031', 20210504, 4, 'HT006', 25, 20210505, 1, "メッセージ00158", 0 );
insert into ORDER_FROM_CUSTOMER values ( '20210504-000032', 20210504, 4, 'HT001', 26, 20210505, 1, "メッセージ00159", 0 );
insert into ORDER_FROM_CUSTOMER values ( '20210504-000033', 20210504, 4, 'HT001', 27, 20210505, 1, "", 0 );
insert into ORDER_FROM_CUSTOMER values ( '20210504-000034', 20210504, 4, 'HT001', 28, 20210505, 1, "", 0 );
insert into ORDER_FROM_CUSTOMER values ( '20210504-000035', 20210504, 4, 'HT001', 29, 20210505, 1, "", 0 );
insert into ORDER_FROM_CUSTOMER values ( '20210504-000036', 20210504, 4, 'HT001', 30, 20210505, 1, "", 0 );
insert into ORDER_FROM_CUSTOMER values ( '20210504-000037', 20210504, 4, 'HT001', 31, 20210505, 1, "", 0 );
insert into ORDER_FROM_CUSTOMER values ( '20210504-000038', 20210504, 4, 'HT001', 32, 20210505, 1, "", 0 );
insert into ORDER_FROM_CUSTOMER values ( '20210504-000039', 20210504, 4, 'HT001', 33, 20210505, 1, "メッセージ00166", 0 );
insert into ORDER_FROM_CUSTOMER values ( '20210504-000040', 20210504, 4, 'HT001', 34, 20210505, 1, "メッセージ00167", 0 );
insert into ORDER_FROM_CUSTOMER values ( '20210504-000041', 20210504, 4, 'HT001', 35, 20210505, 1, "", 0 );
insert into ORDER_FROM_CUSTOMER values ( '20210504-000042', 20210504, 5, 'HT001', 36, 20210505, 1, "", 0 );
insert into ORDER_FROM_CUSTOMER values ( '20210505-000001', 20210505, 2, 'HT001', 7, 20210506, 1, "メッセージ00170", 0 );
insert into ORDER_FROM_CUSTOMER values ( '20210505-000002', 20210505, 2, 'HT001', 8, 20210506, 1, "", 0 );
insert into ORDER_FROM_CUSTOMER values ( '20210505-000003', 20210505, 2, 'HT001', 9, 20210506, 1, "メッセージ00172", 0 );
insert into ORDER_FROM_CUSTOMER values ( '20210505-000004', 20210505, 2, 'HT001', 10, 20210506, 1, "メッセージ00173", 0 );
insert into ORDER_FROM_CUSTOMER values ( '20210505-000005', 20210505, 2, 'HT001', 11, 20210506, 1, "メッセージ00174", 0 );
insert into ORDER_FROM_CUSTOMER values ( '20210505-000006', 20210505, 2, 'HT001', 12, 20210506, 1, "メッセージ00175", 0 );
insert into ORDER_FROM_CUSTOMER values ( '20210505-000007', 20210505, 2, 'HT001', 13, 20210506, 1, "メッセージ00176", 0 );
insert into ORDER_FROM_CUSTOMER values ( '20210505-000008', 20210505, 6, 'HT001', 39, 20210506, 1, "", 0 );
insert into ORDER_FROM_CUSTOMER values ( '20210505-000009', 20210505, 6, 'HT001', 40, 20210506, 1, "", 0 );
insert into ORDER_FROM_CUSTOMER values ( '20210505-000010', 20210505, 6, 'HT001', 41, 20210506, 1, "メッセージ00179", 0 );

-- 発注履歴
delete from ORDERS_TO_SUPPLIER;
insert into ORDERS_TO_SUPPLIER values ( '20210425-000001', 20210425, 1, 20210430, 0 );
insert into ORDERS_TO_SUPPLIER values ( '20210425-000002', 20210425, 1, 20210501, 0 );
insert into ORDERS_TO_SUPPLIER values ( '20210425-000003', 20210425, 1, 20210502, 0 );
insert into ORDERS_TO_SUPPLIER values ( '20210425-000004', 20210425, 1, 20210503, 0 );
insert into ORDERS_TO_SUPPLIER values ( '20210425-000005', 20210425, 1, 20210506, 0 );

-- 発注明細
delete from ORDER_DETAILS_TO_SUPPLIER;
insert into ORDER_DETAILS_TO_SUPPLIER values ( '20210425-000001', 1, 'BA001', 2, 0 );
insert into ORDER_DETAILS_TO_SUPPLIER values ( '20210425-000002', 1, 'BA001', 3, 0 );
insert into ORDER_DETAILS_TO_SUPPLIER values ( '20210425-000003', 1, 'BA001', 2, 0 );
insert into ORDER_DETAILS_TO_SUPPLIER values ( '20210425-000004', 1, 'BA001', 2, 0 );
insert into ORDER_DETAILS_TO_SUPPLIER values ( '20210425-000005', 1, 'BA001', 1, 0 );

commit;
vacuum;

-- .save TestData.db
