
-- 連番管理
delete from SEQUENCES;
insert into SEQUENCES values ( 'SEQ_CUSTOMERS', 7 );
insert into SEQUENCES values ( 'SEQ_SHIPPING', 101 );
insert into SEQUENCES values ( 'SEQ_SUPPLIERS', 2 );
insert into SEQUENCES values ( 'SEQ_SESSION', 0 );


-- 得意先
delete from CUSTOMERS;
insert into CUSTOMERS values ( 1, 'ysoga@localdomain', "蘇我幸恵", 'sogayukie12345', '9876543210123210', 0 );
insert into CUSTOMERS values ( 2, 'user2@localdomain', "ユーザ2", 'user2', '1234123412341230', 0 );
insert into CUSTOMERS values ( 3, 'user3@localdomain', "ユーザ3", 'user3', '1234567890123450', 0 );
insert into CUSTOMERS values ( 4, 'user4@localdomain', "ユーザ4", 'user4', '1234565432101230', 0 );
insert into CUSTOMERS values ( 5, 'user5@localdomain', "ユーザ5", 'user5', '1234680235790120', 0 );
insert into CUSTOMERS values ( 6, 'user6@localdomain', "ユーザ6", 'user6', '1234321098765430', 0 );
insert into CUSTOMERS values ( 7, 'user7@localdomain', "ユーザ7", 'user7', '1234124314231430', 0 );

-- お届け先
delete from SHIPPING_ADDRESS;
insert into SHIPPING_ADDRESS values ( 1, 1, "東京都中央区京橋1-10-7", "KPP八重洲ビル10階", "ピアノ生徒1", 20210101 );
insert into SHIPPING_ADDRESS values ( 2, 1, "茨城県水戸市城南2-1-20", "井門水戸ビル5階", "ピアノ生徒2", 20210101 );
insert into SHIPPING_ADDRESS values ( 3, 1, "静岡県浜松市中区板屋町111-2", "浜松アクトタワー10階", "友人A", 20210101 );
insert into SHIPPING_ADDRESS values ( 4, 1, "愛知県名古屋市西区上名古屋3-25-28", "第7猪村ビル4階", "ピアノ生徒3", 20210101 );
insert into SHIPPING_ADDRESS values ( 5, 1, "大阪府吹田市垂水町3-9-10", "白川ビル3階", "ピアノ生徒4", 20210101 );
insert into SHIPPING_ADDRESS values ( 6, 1, "福岡県福岡市博多区博多駅南2-8-16", "東洋マンション駅南スターオフィス2階", "友人B", 20210101 );
insert into SHIPPING_ADDRESS values ( 7, 2, "住所2-1", '', "友人A", 20210101 );
insert into SHIPPING_ADDRESS values ( 8, 2, "住所2-2", "建物2A", "友人B", 20210101 );
insert into SHIPPING_ADDRESS values ( 9, 2, "住所2-3", '', "友人C", 20210101 );
insert into SHIPPING_ADDRESS values ( 10, 2, "住所2-4", '', "生徒1", 20210101 );
insert into SHIPPING_ADDRESS values ( 11, 2, "住所2-5", "建物2B", "生徒2", 20210101 );
insert into SHIPPING_ADDRESS values ( 12, 2, "住所2-6", '', "生徒3", 20210101 );
insert into SHIPPING_ADDRESS values ( 13, 2, "住所2-7", '', "生徒4", 20210101 );
insert into SHIPPING_ADDRESS values ( 14, 3, "住所3-1-1", '', "友人V", 20210101 );
insert into SHIPPING_ADDRESS values ( 15, 3, "住所3-1-2", '', "友人W", 20210101 );
insert into SHIPPING_ADDRESS values ( 16, 3, "住所3-1-3", '', "友人X", 20210101 );
insert into SHIPPING_ADDRESS values ( 17, 3, "住所3-1-4", '', "友人Y", 20210101 );
insert into SHIPPING_ADDRESS values ( 18, 3, "住所3-1-5", '', "友人Z", 20210101 );
insert into SHIPPING_ADDRESS values ( 19, 3, "住所3-1-6", '', "親戚1", 20210101 );
insert into SHIPPING_ADDRESS values ( 20, 3, "住所3-1-7", '', "親戚2", 20210101 );
insert into SHIPPING_ADDRESS values ( 21, 3, "住所3-1-8", '', "親戚3", 20210101 );
insert into SHIPPING_ADDRESS values ( 22, 3, "住所3-1-9", '', "親戚4", 20210101 );
insert into SHIPPING_ADDRESS values ( 23, 3, "住所3-1-10", '', "親戚5", 20210101 );
insert into SHIPPING_ADDRESS values ( 24, 4, "住所4-101", '', "生徒1", 20210101 );
insert into SHIPPING_ADDRESS values ( 25, 4, "住所4-102", '', "生徒2", 20210101 );
insert into SHIPPING_ADDRESS values ( 26, 4, "住所4-103", '', "生徒3", 20210101 );
insert into SHIPPING_ADDRESS values ( 27, 4, "住所4-104", '', "生徒4", 20210101 );
insert into SHIPPING_ADDRESS values ( 28, 4, "住所4-105", '', "生徒5", 20210101 );
insert into SHIPPING_ADDRESS values ( 29, 4, "住所4-106", '', "生徒6", 20210101 );
insert into SHIPPING_ADDRESS values ( 30, 4, "住所4-107", '', "生徒7", 20210101 );
insert into SHIPPING_ADDRESS values ( 31, 4, "住所4-108", '', "生徒8", 20210101 );
insert into SHIPPING_ADDRESS values ( 32, 4, "住所4-109", '', "生徒9", 20210101 );
insert into SHIPPING_ADDRESS values ( 33, 4, "住所4-110", '', "生徒10", 20210101 );
insert into SHIPPING_ADDRESS values ( 34, 4, "住所4-111", '', "生徒11", 20210101 );
insert into SHIPPING_ADDRESS values ( 35, 4, "住所4-112", '', "生徒12", 20210101 );
insert into SHIPPING_ADDRESS values ( 36, 5, "住所51", "なんとかアパート101", "知人1", 20210101 );
insert into SHIPPING_ADDRESS values ( 37, 5, "住所52", "カントかアパート205", "知人2", 20210101 );
insert into SHIPPING_ADDRESS values ( 38, 5, "住所53", '', "知人3", 20210101 );
insert into SHIPPING_ADDRESS values ( 39, 6, "住所6-1-1", '', "ピアノ生徒1", 20210101 );
insert into SHIPPING_ADDRESS values ( 40, 6, "住所6-1-2", '', "ピアノ生徒2", 20210101 );
insert into SHIPPING_ADDRESS values ( 41, 6, "住所6-1-3", '', "ピアノ生徒3", 20210101 );
insert into SHIPPING_ADDRESS values ( 42, 6, "住所6-1-4", '', "ピアノ生徒4", 20210101 );
insert into SHIPPING_ADDRESS values ( 43, 6, "住所6-1-5", '', "ピアノ生徒5", 20210101 );
insert into SHIPPING_ADDRESS values ( 44, 6, "住所6-1-6", '', "ピアノ生徒6", 20210101 );
insert into SHIPPING_ADDRESS values ( 45, 6, "住所6-1-7", '', "ピアノ生徒7", 20210101 );
insert into SHIPPING_ADDRESS values ( 46, 6, "住所6-1-8", '', "ピアノ生徒8", 20210101 );
insert into SHIPPING_ADDRESS values ( 47, 6, "住所6-1-9", '', "ピアノ生徒9", 20210101 );
insert into SHIPPING_ADDRESS values ( 48, 6, "住所6-1-10", '', "ピアノ生徒10", 20210101 );
insert into SHIPPING_ADDRESS values ( 49, 6, "住所6-2-1", '', "ピアノ生徒11", 20210101 );
insert into SHIPPING_ADDRESS values ( 50, 6, "住所6-2-2", '', "ピアノ生徒12", 20210101 );
insert into SHIPPING_ADDRESS values ( 51, 6, "住所6-2-3", '', "ピアノ生徒13", 20210101 );
insert into SHIPPING_ADDRESS values ( 52, 6, "住所6-2-4", '', "ピアノ生徒14", 20210101 );
insert into SHIPPING_ADDRESS values ( 53, 6, "住所6-2-5", '', "ピアノ生徒15", 20210101 );
insert into SHIPPING_ADDRESS values ( 54, 6, "住所6-2-6", '', "ピアノ生徒16", 20210101 );
insert into SHIPPING_ADDRESS values ( 55, 6, "住所6-2-7", '', "ピアノ生徒17", 20210101 );
insert into SHIPPING_ADDRESS values ( 56, 6, "住所6-2-8", '', "ピアノ生徒18", 20210101 );
insert into SHIPPING_ADDRESS values ( 57, 6, "住所6-2-9", '', "ピアノ生徒19", 20210101 );
insert into SHIPPING_ADDRESS values ( 58, 6, "住所6-2-10", '', "ピアノ生徒20", 20210101 );
insert into SHIPPING_ADDRESS values ( 59, 6, "住所6-3-1", '', "ピアノ生徒21", 20210101 );
insert into SHIPPING_ADDRESS values ( 60, 6, "住所6-3-2", '', "ピアノ生徒22", 20210101 );
insert into SHIPPING_ADDRESS values ( 61, 6, "住所6-3-3", '', "ピアノ生徒23", 20210101 );
insert into SHIPPING_ADDRESS values ( 62, 6, "住所6-3-4", '', "ピアノ生徒24", 20210101 );
insert into SHIPPING_ADDRESS values ( 63, 6, "住所6-3-5", '', "ピアノ生徒25", 20210101 );
insert into SHIPPING_ADDRESS values ( 64, 6, "住所6-3-6", '', "ピアノ生徒26", 20210101 );
insert into SHIPPING_ADDRESS values ( 65, 6, "住所6-3-7", '', "ピアノ生徒27", 20210101 );
insert into SHIPPING_ADDRESS values ( 66, 6, "住所6-3-8", '', "ピアノ生徒28", 20210101 );
insert into SHIPPING_ADDRESS values ( 67, 6, "住所6-3-9", '', "ピアノ生徒29", 20210101 );
insert into SHIPPING_ADDRESS values ( 68, 6, "住所6-3-10", '', "ピアノ生徒30", 20210101 );
insert into SHIPPING_ADDRESS values ( 69, 7, "住所7", "サブ住所7-1", "上司1", 20210101 );
insert into SHIPPING_ADDRESS values ( 70, 7, "住所7", "サブ住所7-2", "上司2", 20210101 );
insert into SHIPPING_ADDRESS values ( 71, 7, "住所7", "サブ住所7-3", "上司3", 20210101 );
insert into SHIPPING_ADDRESS values ( 72, 7, "住所7", "サブ住所7-4", "社長", 20210101 );
insert into SHIPPING_ADDRESS values ( 73, 7, "住所7", "サブ住所7-5", "部下1", 20210101 );
insert into SHIPPING_ADDRESS values ( 74, 7, "住所7", "サブ住所7-6", "部下2", 20210101 );
insert into SHIPPING_ADDRESS values ( 75, 7, "住所7", "サブ住所7-7", "部下3", 20210101 );
insert into SHIPPING_ADDRESS values ( 76, 7, "住所7", "サブ住所7-8", "部下4", 20210101 );
insert into SHIPPING_ADDRESS values ( 77, 7, "住所7", "サブ住所7-9", "部下5", 20210101 );
insert into SHIPPING_ADDRESS values ( 78, 7, "住所7", "サブ住所7-10", "同僚1", 20210101 );
insert into SHIPPING_ADDRESS values ( 79, 7, "住所7", "サブ住所7-11", "同僚2", 20210101 );
insert into SHIPPING_ADDRESS values ( 80, 7, "住所7", "サブ住所7-12", "同僚3", 20210101 );
insert into SHIPPING_ADDRESS values ( 81, 7, "住所7", "サブ住所7-13", "先輩1", 20210101 );
insert into SHIPPING_ADDRESS values ( 82, 7, "住所7", "サブ住所7-14", "先輩2", 20210101 );
insert into SHIPPING_ADDRESS values ( 83, 7, "住所7", "サブ住所7-15", "妻", 20210101 );
insert into SHIPPING_ADDRESS values ( 84, 7, "住所7", "サブ住所7-16", "娘", 20210101 );
insert into SHIPPING_ADDRESS values ( 85, 7, "住所7", "サブ住所7-17", "息子1", 20210101 );
insert into SHIPPING_ADDRESS values ( 86, 7, "住所7", "サブ住所7-18", "息子2", 20210101 );
insert into SHIPPING_ADDRESS values ( 87, 7, "住所7", "サブ住所7-19", "甥1", 20210101 );
insert into SHIPPING_ADDRESS values ( 88, 7, "住所7", "サブ住所7-20", "甥2", 20210101 );
insert into SHIPPING_ADDRESS values ( 89, 7, "住所7", "サブ住所7-21", "甥3", 20210101 );
insert into SHIPPING_ADDRESS values ( 90, 7, "住所7", "サブ住所7-22", "姪1", 20210101 );
insert into SHIPPING_ADDRESS values ( 91, 7, "住所7", "サブ住所7-23", "姪2", 20210101 );
insert into SHIPPING_ADDRESS values ( 92, 7, "住所7", "サブ住所7-24", "姪3", 20210101 );
insert into SHIPPING_ADDRESS values ( 93, 7, "住所7", "サブ住所7-25", "父方祖父", 20210101 );
insert into SHIPPING_ADDRESS values ( 94, 7, "住所7", "サブ住所7-26", "父方祖母", 20210101 );
insert into SHIPPING_ADDRESS values ( 95, 7, "住所7", "サブ住所7-27", "母方祖母", 20210101 );
insert into SHIPPING_ADDRESS values ( 96, 7, "住所7", "サブ住所7-28", "父", 20210101 );
insert into SHIPPING_ADDRESS values ( 97, 7, "住所7", "サブ住所7-29", "母", 20210101 );
insert into SHIPPING_ADDRESS values ( 98, 7, "住所7", "サブ住所7-30", "妻の父", 20210101 );
insert into SHIPPING_ADDRESS values ( 99, 7, "住所7", "サブ住所7-31", "妻の母", 20210101 );
insert into SHIPPING_ADDRESS values ( 100, 7, "住所7", "サブ住所7-32", "従兄弟", 20210101 );
insert into SHIPPING_ADDRESS values ( 101, 7, "住所7", "サブ住所7-33", "従姉妹", 20210101 );

-- 仕入れ先
delete from SUPPLIERS;
insert into SUPPLIERS values ( 1, "新橋園芸", "東京都中央区銀座", "銀座六丁目園芸団地21-8", '00012345678', '00012345677', 'shinbashi@localdomain' );
insert into SUPPLIERS values ( 2, "木挽町花壇", "東京都中央区銀座四丁目121-5", '', '09098765432', '0120000000', 'kobiki@localdomain' );


-- 単品
delete from BOUQUET_PARTS;
insert into BOUQUET_PARTS values ( 'BA001', "薔薇(赤)", 1, 100, 3, 0 );
insert into BOUQUET_PARTS values ( 'BA002', "薔薇(白)", 1, 100, 3, 0 );
insert into BOUQUET_PARTS values ( 'BA003', "薔薇(ピンク)", 1, 100, 3, 0 );
insert into BOUQUET_PARTS values ( 'GP001', "かすみ草", 2, 50, 2, 0 );
insert into BOUQUET_PARTS values ( 'CN001', "カーネーション(赤)", 3, 100, 5, 0 );
insert into BOUQUET_PARTS values ( 'CN002', "カーネーション(ピンク)", 3, 100, 5, 0 );

-- 単品仕入れ先
delete from BOUQUET_SUPPLIERS;
insert into BOUQUET_SUPPLIERS values (1, 'BA001' );
insert into BOUQUET_SUPPLIERS values (1, 'BA002' );
insert into BOUQUET_SUPPLIERS values (1, 'BA003' );
insert into BOUQUET_SUPPLIERS values (1, 'GP001' );
insert into BOUQUET_SUPPLIERS values (2, 'GP001' );
insert into BOUQUET_SUPPLIERS values (2, 'CN001' );
insert into BOUQUET_SUPPLIERS values (2, 'CN002' );


-- 商品(花束セット)
delete from BOUQUET_SET;
insert into BOUQUET_SET values ( 'HT001', "花束-Aセット", '', 1, 0 );
insert into BOUQUET_SET values ( 'HT002', "花束-Bセット", '', 2, 0 );
insert into BOUQUET_SET values ( 'HT003', "一輪挿し-A", '', 1, 0 );
insert into BOUQUET_SET values ( 'HT004', "結婚式用ブーケ", '', 5, 0 );
insert into BOUQUET_SET values ( 'HT005', "母の日感謝セット", '', 5, 0 );
insert into BOUQUET_SET values ( 'HT006', "花束-Cセット", '', 5, 0 );

-- 商品構成
delete from BOUQUET_PARTS_LIST;
insert into BOUQUET_PARTS_LIST values ( 'HT001', 'BA001', 4 );
insert into BOUQUET_PARTS_LIST values ( 'HT002', 'BA001', 3 );
insert into BOUQUET_PARTS_LIST values ( 'HT002', 'BA002', 5 );
insert into BOUQUET_PARTS_LIST values ( 'HT002', 'BA003', 3 );
insert into BOUQUET_PARTS_LIST values ( 'HT002', 'GP001', 6 );
insert into BOUQUET_PARTS_LIST values ( 'HT003', 'BA003', 1 );
insert into BOUQUET_PARTS_LIST values ( 'HT004', 'BA002', 3 );
insert into BOUQUET_PARTS_LIST values ( 'HT004', 'BA003', 5 );
insert into BOUQUET_PARTS_LIST values ( 'HT004', 'GP001', 3 );
insert into BOUQUET_PARTS_LIST values ( 'HT004', 'CN002', 3 );
insert into BOUQUET_PARTS_LIST values ( 'HT005', 'CN001', 6 );
insert into BOUQUET_PARTS_LIST values ( 'HT005', 'CN002', 6 );
insert into BOUQUET_PARTS_LIST values ( 'HT006', 'BA001', 6 );
insert into BOUQUET_PARTS_LIST values ( 'HT006', 'BA002', 4 );
insert into BOUQUET_PARTS_LIST values ( 'HT006', 'BA003', 3 );
insert into BOUQUET_PARTS_LIST values ( 'HT006', 'GP001', 3 );
insert into BOUQUET_PARTS_LIST values ( 'HT006', 'CN001', 2 );
insert into BOUQUET_PARTS_LIST values ( 'HT006', 'CN002', 5 );

-- 受注履歴
delete from ORDER_FROM_CUSTOMER;
insert into ORDER_FROM_CUSTOMER values ( '20210429-000001', 20210429, 1, 'HT001', 1, 20210430, 1, "メッセージ00001", 0 );
insert into ORDER_FROM_CUSTOMER values ( '20210429-000002', 20210429, 1, 'HT001', 2, 20210430, 1, "", 0 );
insert into ORDER_FROM_CUSTOMER values ( '20210429-000003', 20210429, 1, 'HT001', 3, 20210430, 1, "メッセージ00003", 0 );
insert into ORDER_FROM_CUSTOMER values ( '20210429-000004', 20210429, 1, 'HT001', 4, 20210430, 1, "メッセージ00004", 0 );
insert into ORDER_FROM_CUSTOMER values ( '20210429-000005', 20210429, 1, 'HT001', 5, 20210430, 1, "メッセージ00005", 0 );
insert into ORDER_FROM_CUSTOMER values ( '20210430-000001', 20210430, 1, 'HT002', 1, 20210501, 1, "", 0 );
insert into ORDER_FROM_CUSTOMER values ( '20210430-000002', 20210430, 1, 'HT002', 2, 20210501, 1, "", 0 );
insert into ORDER_FROM_CUSTOMER values ( '20210430-000003', 20210430, 1, 'HT002', 4, 20210501, 1, "メッセージ00008", 0 );
insert into ORDER_FROM_CUSTOMER values ( '20210430-000004', 20210430, 1, 'HT002', 5, 20210501, 1, "", 0 );
insert into ORDER_FROM_CUSTOMER values ( '20210430-000005', 20210430, 1, 'HT002', 3, 20210501, 1, "メッセージ00010", 0 );
insert into ORDER_FROM_CUSTOMER values ( '20210430-000006', 20210430, 1, 'HT002', 6, 20210501, 1, "メッセージ00011", 0 );
insert into ORDER_FROM_CUSTOMER values ( '20210430-000007', 20210430, 2, 'HT002', 9, 20210501, 1, "メッセージ00012", 0 );
insert into ORDER_FROM_CUSTOMER values ( '20210430-000008', 20210430, 2, 'HT002', 10, 20210501, 1, "", 0 );
insert into ORDER_FROM_CUSTOMER values ( '20210430-000009', 20210430, 3, 'HT002', 14, 20210501, 1, "メッセージ00014", 0 );
insert into ORDER_FROM_CUSTOMER values ( '20210430-000010', 20210430, 3, 'HT002', 15, 20210501, 1, "", 0 );
insert into ORDER_FROM_CUSTOMER values ( '20210430-000011', 20210430, 3, 'HT001', 16, 20210501, 1, "メッセージ00016", 0 );
insert into ORDER_FROM_CUSTOMER values ( '20210430-000012', 20210430, 3, 'HT001', 17, 20210501, 1, "メッセージ00017", 0 );
insert into ORDER_FROM_CUSTOMER values ( '20210430-000013', 20210430, 3, 'HT001', 18, 20210501, 1, "", 0 );
insert into ORDER_FROM_CUSTOMER values ( '20210430-000014', 20210430, 5, 'HT001', 36, 20210501, 1, "", 0 );
insert into ORDER_FROM_CUSTOMER values ( '20210430-000015', 20210430, 5, 'HT001', 38, 20210501, 1, "メッセージ00020", 0 );
insert into ORDER_FROM_CUSTOMER values ( '20210501-000001', 20210501, 1, 'HT006', 1, 20210502, 1, "", 0 );
insert into ORDER_FROM_CUSTOMER values ( '20210501-000002', 20210501, 1, 'HT006', 2, 20210502, 1, "", 0 );
insert into ORDER_FROM_CUSTOMER values ( '20210501-000003', 20210501, 1, 'HT006', 4, 20210502, 1, "メッセージ00023", 0 );
insert into ORDER_FROM_CUSTOMER values ( '20210501-000004', 20210501, 1, 'HT006', 5, 20210502, 1, "", 0 );
insert into ORDER_FROM_CUSTOMER values ( '20210501-000005', 20210501, 1, 'HT006', 3, 20210502, 1, "", 0 );
insert into ORDER_FROM_CUSTOMER values ( '20210501-000006', 20210501, 1, 'HT001', 6, 20210502, 1, "", 0 );
insert into ORDER_FROM_CUSTOMER values ( '20210501-000007', 20210501, 2, 'HT001', 7, 20210502, 1, "メッセージ00027", 0 );
insert into ORDER_FROM_CUSTOMER values ( '20210501-000008', 20210501, 2, 'HT001', 8, 20210502, 1, "", 0 );
insert into ORDER_FROM_CUSTOMER values ( '20210501-000009', 20210501, 2, 'HT001', 9, 20210502, 1, "メッセージ00029", 0 );
insert into ORDER_FROM_CUSTOMER values ( '20210501-000010', 20210501, 2, 'HT001', 10, 20210502, 1, "", 0 );
insert into ORDER_FROM_CUSTOMER values ( '20210501-000011', 20210501, 2, 'HT001', 11, 20210502, 1, "メッセージ00031", 0 );
insert into ORDER_FROM_CUSTOMER values ( '20210501-000012', 20210501, 2, 'HT001', 12, 20210502, 1, "", 0 );
insert into ORDER_FROM_CUSTOMER values ( '20210501-000013', 20210501, 2, 'HT001', 13, 20210502, 1, "", 0 );
insert into ORDER_FROM_CUSTOMER values ( '20210501-000014', 20210501, 3, 'HT001', 14, 20210502, 1, "メッセージ00034", 0 );
insert into ORDER_FROM_CUSTOMER values ( '20210501-000015', 20210501, 3, 'HT001', 15, 20210502, 1, "", 0 );
insert into ORDER_FROM_CUSTOMER values ( '20210501-000016', 20210501, 3, 'HT001', 16, 20210502, 1, "", 0 );
insert into ORDER_FROM_CUSTOMER values ( '20210501-000017', 20210501, 3, 'HT002', 17, 20210502, 1, "メッセージ00037", 0 );
insert into ORDER_FROM_CUSTOMER values ( '20210501-000018', 20210501, 3, 'HT002', 18, 20210502, 1, "", 0 );
insert into ORDER_FROM_CUSTOMER values ( '20210501-000019', 20210501, 3, 'HT002', 19, 20210502, 1, "メッセージ00039", 0 );
insert into ORDER_FROM_CUSTOMER values ( '20210502-000001', 20210502, 3, 'HT001', 20, 20210503, 1, "メッセージ00040", 0 );
insert into ORDER_FROM_CUSTOMER values ( '20210502-000002', 20210502, 3, 'HT001', 21, 20210503, 1, "", 0 );
insert into ORDER_FROM_CUSTOMER values ( '20210502-000003', 20210502, 3, 'HT001', 22, 20210503, 1, "", 0 );
insert into ORDER_FROM_CUSTOMER values ( '20210502-000004', 20210502, 3, 'HT002', 23, 20210503, 1, "メッセージ00043", 0 );
insert into ORDER_FROM_CUSTOMER values ( '20210502-000005', 20210502, 4, 'HT002', 24, 20210503, 1, "メッセージ00044", 0 );
insert into ORDER_FROM_CUSTOMER values ( '20210502-000006', 20210502, 4, 'HT002', 25, 20210503, 1, "", 0 );
insert into ORDER_FROM_CUSTOMER values ( '20210502-000007', 20210502, 4, 'HT002', 26, 20210503, 1, "", 0 );
insert into ORDER_FROM_CUSTOMER values ( '20210502-000008', 20210502, 4, 'HT006', 27, 20210503, 1, "メッセージ00047", 0 );
insert into ORDER_FROM_CUSTOMER values ( '20210503-000001', 20210503, 4, 'HT006', 28, 20210504, 1, "メッセージ00048", 0 );
insert into ORDER_FROM_CUSTOMER values ( '20210503-000002', 20210503, 4, 'HT006', 29, 20210504, 1, "", 0 );
insert into ORDER_FROM_CUSTOMER values ( '20210503-000003', 20210503, 4, 'HT006', 30, 20210504, 1, "", 0 );
insert into ORDER_FROM_CUSTOMER values ( '20210503-000004', 20210503, 4, 'HT006', 31, 20210504, 1, "", 0 );
insert into ORDER_FROM_CUSTOMER values ( '20210503-000005', 20210503, 4, 'HT006', 32, 20210504, 1, "", 0 );
insert into ORDER_FROM_CUSTOMER values ( '20210503-000006', 20210503, 4, 'HT006', 33, 20210504, 1, "", 0 );
insert into ORDER_FROM_CUSTOMER values ( '20210503-000007', 20210503, 4, 'HT006', 34, 20210504, 1, "メッセージ00054", 0 );
insert into ORDER_FROM_CUSTOMER values ( '20210503-000008', 20210503, 4, 'HT006', 35, 20210504, 1, "", 0 );
insert into ORDER_FROM_CUSTOMER values ( '20210503-000009', 20210503, 5, 'HT006', 36, 20210504, 1, "メッセージ00056", 0 );
insert into ORDER_FROM_CUSTOMER values ( '20210503-000010', 20210503, 5, 'HT006', 37, 20210504, 1, "", 0 );
insert into ORDER_FROM_CUSTOMER values ( '20210503-000011', 20210503, 5, 'HT006', 38, 20210504, 1, "", 0 );
insert into ORDER_FROM_CUSTOMER values ( '20210503-000012', 20210503, 1, 'HT006', 1, 20210504, 1, "", 0 );
insert into ORDER_FROM_CUSTOMER values ( '20210503-000013', 20210503, 1, 'HT006', 2, 20210504, 1, "", 0 );
insert into ORDER_FROM_CUSTOMER values ( '20210503-000014', 20210503, 1, 'HT006', 4, 20210504, 1, "メッセージ00061", 0 );
insert into ORDER_FROM_CUSTOMER values ( '20210503-000015', 20210503, 1, 'HT006', 5, 20210504, 1, "", 0 );
insert into ORDER_FROM_CUSTOMER values ( '20210503-000016', 20210503, 1, 'HT006', 3, 20210504, 1, "メッセージ00063", 0 );
insert into ORDER_FROM_CUSTOMER values ( '20210503-000017', 20210503, 1, 'HT006', 6, 20210504, 1, "メッセージ00064", 0 );
insert into ORDER_FROM_CUSTOMER values ( '20210503-000018', 20210503, 2, 'HT006', 7, 20210504, 1, "メッセージ00065", 0 );
insert into ORDER_FROM_CUSTOMER values ( '20210503-000019', 20210503, 2, 'HT006', 8, 20210504, 1, "", 0 );
insert into ORDER_FROM_CUSTOMER values ( '20210503-000020', 20210503, 2, 'HT006', 9, 20210504, 1, "メッセージ00067", 0 );
insert into ORDER_FROM_CUSTOMER values ( '20210503-000021', 20210503, 2, 'HT006', 10, 20210504, 1, "メッセージ00068", 0 );
insert into ORDER_FROM_CUSTOMER values ( '20210503-000022', 20210503, 2, 'HT006', 11, 20210504, 1, "", 0 );
insert into ORDER_FROM_CUSTOMER values ( '20210503-000023', 20210503, 2, 'HT006', 12, 20210504, 1, "", 0 );
insert into ORDER_FROM_CUSTOMER values ( '20210503-000024', 20210503, 2, 'HT006', 13, 20210504, 1, "", 0 );
insert into ORDER_FROM_CUSTOMER values ( '20210503-000025', 20210503, 3, 'HT006', 14, 20210504, 1, "", 0 );
insert into ORDER_FROM_CUSTOMER values ( '20210503-000026', 20210503, 3, 'HT006', 15, 20210504, 1, "", 0 );
insert into ORDER_FROM_CUSTOMER values ( '20210503-000027', 20210503, 3, 'HT006', 16, 20210504, 1, "", 0 );
insert into ORDER_FROM_CUSTOMER values ( '20210503-000028', 20210503, 3, 'HT006', 17, 20210504, 1, "", 0 );
insert into ORDER_FROM_CUSTOMER values ( '20210503-000029', 20210503, 3, 'HT006', 18, 20210504, 1, "メッセージ00076", 0 );
insert into ORDER_FROM_CUSTOMER values ( '20210503-000030', 20210503, 3, 'HT006', 19, 20210504, 1, "", 0 );
insert into ORDER_FROM_CUSTOMER values ( '20210503-000031', 20210503, 6, 'HT006', 39, 20210504, 1, "", 0 );
insert into ORDER_FROM_CUSTOMER values ( '20210503-000032', 20210503, 6, 'HT006', 40, 20210504, 1, "メッセージ00079", 0 );
insert into ORDER_FROM_CUSTOMER values ( '20210503-000033', 20210503, 6, 'HT006', 41, 20210504, 1, "", 0 );
insert into ORDER_FROM_CUSTOMER values ( '20210503-000034', 20210503, 6, 'HT006', 42, 20210504, 1, "メッセージ00081", 0 );
insert into ORDER_FROM_CUSTOMER values ( '20210503-000035', 20210503, 6, 'HT006', 43, 20210504, 1, "", 0 );
insert into ORDER_FROM_CUSTOMER values ( '20210503-000036', 20210503, 6, 'HT006', 44, 20210504, 1, "", 0 );
insert into ORDER_FROM_CUSTOMER values ( '20210503-000037', 20210503, 6, 'HT006', 45, 20210504, 1, "メッセージ00084", 0 );
insert into ORDER_FROM_CUSTOMER values ( '20210503-000038', 20210503, 6, 'HT006', 46, 20210504, 1, "メッセージ00085", 0 );
insert into ORDER_FROM_CUSTOMER values ( '20210503-000039', 20210503, 6, 'HT006', 47, 20210504, 1, "メッセージ00086", 0 );
insert into ORDER_FROM_CUSTOMER values ( '20210503-000040', 20210503, 6, 'HT006', 48, 20210504, 1, "", 0 );
insert into ORDER_FROM_CUSTOMER values ( '20210503-000041', 20210503, 6, 'HT006', 49, 20210504, 1, "メッセージ00088", 0 );
insert into ORDER_FROM_CUSTOMER values ( '20210503-000042', 20210503, 6, 'HT006', 50, 20210504, 1, "", 0 );
insert into ORDER_FROM_CUSTOMER values ( '20210503-000043', 20210503, 6, 'HT006', 51, 20210504, 1, "", 0 );
insert into ORDER_FROM_CUSTOMER values ( '20210503-000044', 20210503, 6, 'HT006', 52, 20210504, 1, "メッセージ00091", 0 );
insert into ORDER_FROM_CUSTOMER values ( '20210503-000045', 20210503, 6, 'HT006', 53, 20210504, 1, "メッセージ00092", 0 );
insert into ORDER_FROM_CUSTOMER values ( '20210503-000046', 20210503, 6, 'HT006', 54, 20210504, 1, "", 0 );
insert into ORDER_FROM_CUSTOMER values ( '20210503-000047', 20210503, 6, 'HT006', 55, 20210504, 1, "", 0 );
insert into ORDER_FROM_CUSTOMER values ( '20210503-000048', 20210503, 6, 'HT006', 56, 20210504, 1, "メッセージ00095", 0 );
insert into ORDER_FROM_CUSTOMER values ( '20210503-000049', 20210503, 6, 'HT006', 57, 20210504, 1, "", 0 );
insert into ORDER_FROM_CUSTOMER values ( '20210503-000050', 20210503, 6, 'HT006', 58, 20210504, 1, "メッセージ00097", 0 );
insert into ORDER_FROM_CUSTOMER values ( '20210503-000051', 20210503, 6, 'HT002', 59, 20210504, 1, "メッセージ00098", 0 );
insert into ORDER_FROM_CUSTOMER values ( '20210503-000052', 20210503, 6, 'HT002', 60, 20210504, 1, "メッセージ00099", 0 );
insert into ORDER_FROM_CUSTOMER values ( '20210503-000053', 20210503, 6, 'HT002', 61, 20210504, 1, "メッセージ00100", 0 );
insert into ORDER_FROM_CUSTOMER values ( '20210503-000054', 20210503, 6, 'HT002', 62, 20210504, 1, "メッセージ00101", 0 );
insert into ORDER_FROM_CUSTOMER values ( '20210503-000055', 20210503, 6, 'HT002', 63, 20210504, 1, "", 0 );
insert into ORDER_FROM_CUSTOMER values ( '20210503-000056', 20210503, 6, 'HT002', 64, 20210504, 1, "", 0 );
insert into ORDER_FROM_CUSTOMER values ( '20210503-000057', 20210503, 6, 'HT002', 65, 20210504, 1, "", 0 );
insert into ORDER_FROM_CUSTOMER values ( '20210503-000058', 20210503, 6, 'HT002', 66, 20210504, 1, "", 0 );
insert into ORDER_FROM_CUSTOMER values ( '20210503-000059', 20210503, 6, 'HT002', 67, 20210504, 1, "メッセージ00106", 0 );
insert into ORDER_FROM_CUSTOMER values ( '20210503-000060', 20210503, 6, 'HT002', 68, 20210504, 1, "", 0 );
insert into ORDER_FROM_CUSTOMER values ( '20210503-000061', 20210503, 7, 'HT002', 69, 20210504, 1, "", 0 );
insert into ORDER_FROM_CUSTOMER values ( '20210503-000062', 20210503, 7, 'HT002', 70, 20210504, 1, "", 0 );
insert into ORDER_FROM_CUSTOMER values ( '20210503-000063', 20210503, 7, 'HT002', 71, 20210504, 1, "メッセージ00110", 0 );
insert into ORDER_FROM_CUSTOMER values ( '20210503-000064', 20210503, 7, 'HT002', 72, 20210504, 1, "メッセージ00111", 0 );
insert into ORDER_FROM_CUSTOMER values ( '20210503-000065', 20210503, 7, 'HT002', 73, 20210504, 1, "メッセージ00112", 0 );
insert into ORDER_FROM_CUSTOMER values ( '20210503-000066', 20210503, 7, 'HT002', 74, 20210504, 1, "メッセージ00113", 0 );
insert into ORDER_FROM_CUSTOMER values ( '20210503-000067', 20210503, 7, 'HT002', 75, 20210504, 1, "メッセージ00114", 0 );
insert into ORDER_FROM_CUSTOMER values ( '20210503-000068', 20210503, 7, 'HT002', 76, 20210504, 1, "", 0 );
insert into ORDER_FROM_CUSTOMER values ( '20210503-000069', 20210503, 7, 'HT002', 77, 20210504, 1, "", 0 );
insert into ORDER_FROM_CUSTOMER values ( '20210503-000070', 20210503, 7, 'HT002', 78, 20210504, 1, "", 0 );
insert into ORDER_FROM_CUSTOMER values ( '20210503-000071', 20210503, 7, 'HT001', 79, 20210504, 1, "メッセージ00118", 0 );
insert into ORDER_FROM_CUSTOMER values ( '20210503-000072', 20210503, 7, 'HT001', 80, 20210504, 1, "メッセージ00119", 0 );
insert into ORDER_FROM_CUSTOMER values ( '20210503-000073', 20210503, 7, 'HT001', 81, 20210504, 1, "メッセージ00120", 0 );
insert into ORDER_FROM_CUSTOMER values ( '20210503-000074', 20210503, 7, 'HT001', 82, 20210504, 1, "", 0 );
insert into ORDER_FROM_CUSTOMER values ( '20210503-000075', 20210503, 7, 'HT001', 83, 20210504, 1, "メッセージ00122", 0 );
insert into ORDER_FROM_CUSTOMER values ( '20210503-000076', 20210503, 7, 'HT001', 84, 20210504, 1, "メッセージ00123", 0 );
insert into ORDER_FROM_CUSTOMER values ( '20210503-000077', 20210503, 7, 'HT001', 85, 20210504, 1, "", 0 );
insert into ORDER_FROM_CUSTOMER values ( '20210503-000078', 20210503, 7, 'HT001', 86, 20210504, 1, "", 0 );
insert into ORDER_FROM_CUSTOMER values ( '20210503-000079', 20210503, 7, 'HT001', 87, 20210504, 1, "", 0 );
insert into ORDER_FROM_CUSTOMER values ( '20210503-000080', 20210503, 7, 'HT001', 88, 20210504, 1, "メッセージ00127", 0 );
insert into ORDER_FROM_CUSTOMER values ( '20210504-000001', 20210504, 7, 'HT002', 89, 20210505, 1, "メッセージ00128", 0 );
insert into ORDER_FROM_CUSTOMER values ( '20210504-000002', 20210504, 7, 'HT002', 90, 20210505, 1, "メッセージ00129", 0 );
insert into ORDER_FROM_CUSTOMER values ( '20210504-000003', 20210504, 7, 'HT002', 91, 20210505, 1, "", 0 );
insert into ORDER_FROM_CUSTOMER values ( '20210504-000004', 20210504, 7, 'HT002', 92, 20210505, 1, "", 0 );
insert into ORDER_FROM_CUSTOMER values ( '20210504-000005', 20210504, 7, 'HT002', 93, 20210505, 1, "メッセージ00132", 0 );
insert into ORDER_FROM_CUSTOMER values ( '20210504-000006', 20210504, 7, 'HT002', 94, 20210505, 1, "", 0 );
insert into ORDER_FROM_CUSTOMER values ( '20210504-000007', 20210504, 7, 'HT002', 95, 20210505, 1, "", 0 );
insert into ORDER_FROM_CUSTOMER values ( '20210504-000008', 20210504, 7, 'HT002', 96, 20210505, 1, "メッセージ00135", 0 );
insert into ORDER_FROM_CUSTOMER values ( '20210504-000009', 20210504, 7, 'HT002', 97, 20210505, 1, "メッセージ00136", 0 );
insert into ORDER_FROM_CUSTOMER values ( '20210504-000010', 20210504, 7, 'HT002', 98, 20210505, 1, "", 0 );
insert into ORDER_FROM_CUSTOMER values ( '20210504-000011', 20210504, 7, 'HT002', 99, 20210505, 1, "", 0 );
insert into ORDER_FROM_CUSTOMER values ( '20210504-000012', 20210504, 7, 'HT002', 100, 20210505, 1, "メッセージ00139", 0 );
insert into ORDER_FROM_CUSTOMER values ( '20210504-000013', 20210504, 7, 'HT002', 101, 20210505, 1, "", 0 );
insert into ORDER_FROM_CUSTOMER values ( '20210504-000014', 20210504, 1, 'HT002', 1, 20210505, 1, "", 0 );
insert into ORDER_FROM_CUSTOMER values ( '20210504-000015', 20210504, 1, 'HT002', 2, 20210505, 1, "メッセージ00142", 0 );
insert into ORDER_FROM_CUSTOMER values ( '20210504-000016', 20210504, 1, 'HT002', 4, 20210505, 1, "", 0 );
insert into ORDER_FROM_CUSTOMER values ( '20210504-000017', 20210504, 1, 'HT002', 5, 20210505, 1, "メッセージ00144", 0 );
insert into ORDER_FROM_CUSTOMER values ( '20210504-000018', 20210504, 1, 'HT002', 3, 20210505, 1, "メッセージ00145", 0 );
insert into ORDER_FROM_CUSTOMER values ( '20210504-000019', 20210504, 1, 'HT002', 6, 20210505, 1, "", 0 );
insert into ORDER_FROM_CUSTOMER values ( '20210504-000020', 20210504, 3, 'HT002', 14, 20210505, 1, "メッセージ00147", 0 );
insert into ORDER_FROM_CUSTOMER values ( '20210504-000021', 20210504, 3, 'HT006', 15, 20210505, 1, "メッセージ00148", 0 );
insert into ORDER_FROM_CUSTOMER values ( '20210504-000022', 20210504, 3, 'HT006', 16, 20210505, 1, "メッセージ00149", 0 );
insert into ORDER_FROM_CUSTOMER values ( '20210504-000023', 20210504, 3, 'HT006', 17, 20210505, 1, "メッセージ00150", 0 );
insert into ORDER_FROM_CUSTOMER values ( '20210504-000024', 20210504, 3, 'HT006', 18, 20210505, 1, "", 0 );
insert into ORDER_FROM_CUSTOMER values ( '20210504-000025', 20210504, 3, 'HT006', 19, 20210505, 1, "メッセージ00152", 0 );
insert into ORDER_FROM_CUSTOMER values ( '20210504-000026', 20210504, 3, 'HT006', 20, 20210505, 1, "", 0 );
insert into ORDER_FROM_CUSTOMER values ( '20210504-000027', 20210504, 3, 'HT006', 21, 20210505, 1, "メッセージ00154", 0 );
insert into ORDER_FROM_CUSTOMER values ( '20210504-000028', 20210504, 3, 'HT006', 22, 20210505, 1, "", 0 );
insert into ORDER_FROM_CUSTOMER values ( '20210504-000029', 20210504, 3, 'HT006', 23, 20210505, 1, "メッセージ00156", 0 );
insert into ORDER_FROM_CUSTOMER values ( '20210504-000030', 20210504, 4, 'HT006', 24, 20210505, 1, "", 0 );
insert into ORDER_FROM_CUSTOMER values ( '20210504-000031', 20210504, 4, 'HT006', 25, 20210505, 1, "メッセージ00158", 0 );
insert into ORDER_FROM_CUSTOMER values ( '20210504-000032', 20210504, 4, 'HT001', 26, 20210505, 1, "メッセージ00159", 0 );
insert into ORDER_FROM_CUSTOMER values ( '20210504-000033', 20210504, 4, 'HT001', 27, 20210505, 1, "", 0 );
insert into ORDER_FROM_CUSTOMER values ( '20210504-000034', 20210504, 4, 'HT001', 28, 20210505, 1, "", 0 );
insert into ORDER_FROM_CUSTOMER values ( '20210504-000035', 20210504, 4, 'HT001', 29, 20210505, 1, "", 0 );
insert into ORDER_FROM_CUSTOMER values ( '20210504-000036', 20210504, 4, 'HT001', 30, 20210505, 1, "", 0 );
insert into ORDER_FROM_CUSTOMER values ( '20210504-000037', 20210504, 4, 'HT001', 31, 20210505, 1, "", 0 );
insert into ORDER_FROM_CUSTOMER values ( '20210504-000038', 20210504, 4, 'HT001', 32, 20210505, 1, "", 0 );
insert into ORDER_FROM_CUSTOMER values ( '20210504-000039', 20210504, 4, 'HT001', 33, 20210505, 1, "メッセージ00166", 0 );
insert into ORDER_FROM_CUSTOMER values ( '20210504-000040', 20210504, 4, 'HT001', 34, 20210505, 1, "メッセージ00167", 0 );
insert into ORDER_FROM_CUSTOMER values ( '20210504-000041', 20210504, 4, 'HT001', 35, 20210505, 1, "", 0 );
insert into ORDER_FROM_CUSTOMER values ( '20210504-000042', 20210504, 5, 'HT001', 36, 20210505, 1, "", 0 );
insert into ORDER_FROM_CUSTOMER values ( '20210505-000001', 20210505, 2, 'HT001', 7, 20210506, 1, "メッセージ00170", 0 );
insert into ORDER_FROM_CUSTOMER values ( '20210505-000002', 20210505, 2, 'HT001', 8, 20210506, 1, "", 0 );
insert into ORDER_FROM_CUSTOMER values ( '20210505-000003', 20210505, 2, 'HT001', 9, 20210506, 1, "メッセージ00172", 0 );
insert into ORDER_FROM_CUSTOMER values ( '20210505-000004', 20210505, 2, 'HT001', 10, 20210506, 1, "メッセージ00173", 0 );
insert into ORDER_FROM_CUSTOMER values ( '20210505-000005', 20210505, 2, 'HT001', 11, 20210506, 1, "メッセージ00174", 0 );
insert into ORDER_FROM_CUSTOMER values ( '20210505-000006', 20210505, 2, 'HT001', 12, 20210506, 1, "メッセージ00175", 0 );
insert into ORDER_FROM_CUSTOMER values ( '20210505-000007', 20210505, 2, 'HT001', 13, 20210506, 1, "メッセージ00176", 0 );
insert into ORDER_FROM_CUSTOMER values ( '20210505-000008', 20210505, 6, 'HT001', 39, 20210506, 1, "", 0 );
insert into ORDER_FROM_CUSTOMER values ( '20210505-000009', 20210505, 6, 'HT001', 40, 20210506, 1, "", 0 );
insert into ORDER_FROM_CUSTOMER values ( '20210505-000010', 20210505, 6, 'HT001', 41, 20210506, 1, "メッセージ00179", 0 );

-- 発注履歴
delete from ORDERS_TO_SUPPLIER;
insert into ORDERS_TO_SUPPLIER values ( '20210425-000001', 20210425, 1, 20210430, 0 );
insert into ORDERS_TO_SUPPLIER values ( '20210425-000002', 20210425, 1, 20210501, 0 );
insert into ORDERS_TO_SUPPLIER values ( '20210425-000003', 20210425, 1, 20210502, 0 );
insert into ORDERS_TO_SUPPLIER values ( '20210425-000004', 20210425, 1, 20210503, 0 );
insert into ORDERS_TO_SUPPLIER values ( '20210425-000005', 20210425, 1, 20210506, 0 );

-- 発注明細
delete from ORDER_DETAILS_TO_SUPPLIER;
insert into ORDER_DETAILS_TO_SUPPLIER values ( '20210425-000001', 1, 'BA001', 2, 0 );
insert into ORDER_DETAILS_TO_SUPPLIER values ( '20210425-000002', 1, 'BA001', 3, 0 );
insert into ORDER_DETAILS_TO_SUPPLIER values ( '20210425-000003', 1, 'BA001', 2, 0 );
insert into ORDER_DETAILS_TO_SUPPLIER values ( '20210425-000004', 1, 'BA001', 2, 0 );
insert into ORDER_DETAILS_TO_SUPPLIER values ( '20210425-000005', 1, 'BA001', 1, 0 );

commit;
vacuum;

-- .save TestData.db
